id,created,modified,choice_id,creator_id
174,"2024-08-05 12:56:35.543433",,20,446
175,"2024-08-05 12:57:00.405876",,20,461
176,"2024-08-05 12:59:25.477477",,20,434
177,"2024-08-05 12:59:55.933907",,20,428
178,"2024-08-05 13:01:31.413321",,20,424
179,"2024-08-05 13:04:17.489433",,20,450
180,"2024-08-05 13:12:00.824653",,20,408
181,"2024-08-05 13:13:43.895584",,20,400
182,"2024-08-05 13:14:21.634233",,20,367
183,"2024-08-05 13:15:03.307051",,20,384
184,"2024-08-05 13:17:20.382584",,22,395
185,"2024-08-05 13:19:45.010929",,20,383
186,"2024-08-05 13:21:58.181626",,20,453
187,"2024-08-05 13:22:55.698171",,20,459
189,"2024-08-05 13:25:21.187650",,20,426
190,"2024-08-05 13:40:19.226010",,20,431
191,"2024-08-05 13:41:11.970322",,20,456
192,"2024-08-05 13:46:35.792196",,20,403
193,"2024-08-05 13:50:55.029150",,20,457
194,"2024-08-05 13:53:24.045512",,20,409
195,"2024-08-05 13:53:24.804159",,20,451
196,"2024-08-05 14:07:12.072025",,20,373
197,"2024-08-05 14:26:42.505408",,20,443
198,"2024-08-05 14:33:07.210137",,20,448
199,"2024-08-05 14:35:47.186029",,21,407
200,"2024-08-05 14:43:22.225512",,20,369
201,"2024-08-05 14:50:45.281434",,20,404
202,"2024-08-05 14:53:34.552027",,20,399
203,"2024-08-05 14:55:25.998971",,20,423
204,"2024-08-05 15:03:48.065129",,86,2753
205,"2024-08-05 15:04:33.089854",,71,2212
206,"2024-08-05 15:04:36.730002",,58,1691
207,"2024-08-05 15:04:39.869742",,41,1172
208,"2024-08-05 15:04:43.484445",,32,813
209,"2024-08-05 15:04:46.761486",,41,1132
210,"2024-08-05 15:05:04.336225",,98,3232
211,"2024-08-05 15:05:08.318774",,80,2530
212,"2024-08-05 15:05:11.450047",,98,3167
213,"2024-08-05 15:05:13.147356",,38,1023
214,"2024-08-05 15:05:20.652397",,102,3265
215,"2024-08-05 15:05:36.906426",,71,2230
216,"2024-08-05 15:05:38.146957",,65,1995
217,"2024-08-05 15:05:45.348299",,42,1140
218,"2024-08-05 15:05:48.830506",,56,1622
219,"2024-08-05 15:05:49.681617",,89,2841
220,"2024-08-05 15:05:49.736751",,35,954
221,"2024-08-05 15:05:51.300842",,62,1942
222,"2024-08-05 15:05:52.588614",,69,2166
223,"2024-08-05 15:05:53.258447",,81,2581
224,"2024-08-05 15:05:54.344788",,83,2699
225,"2024-08-05 15:06:07.378735",,101,3359
226,"2024-08-05 15:06:12.084434",,59,1737
227,"2024-08-05 15:06:13.386035",,104,3379
228,"2024-08-05 15:06:31.045651",,50,1527
229,"2024-08-05 15:06:33.167666",,26,604
230,"2024-08-05 15:06:34.428622",,50,1439
231,"2024-08-05 15:06:35.208692",,35,949
232,"2024-08-05 15:06:37.969890",,86,2808
233,"2024-08-05 15:06:40.916754",,56,1675
234,"2024-08-05 15:06:41.745188",,104,3380
235,"2024-08-05 15:06:41.822170",,83,2691
236,"2024-08-05 15:06:42.204578",,92,2990
237,"2024-08-05 15:06:43.201626",,77,2453
238,"2024-08-05 15:06:46.274080",,47,1370
239,"2024-08-05 15:06:52.730393",,50,1510
240,"2024-08-05 15:06:56.252527",,71,2205
241,"2024-08-05 15:06:56.992844",,65,2008
242,"2024-08-05 15:06:58.473123",,44,1296
243,"2024-08-05 15:07:03.704855",,68,2146
244,"2024-08-05 15:07:05.264702",,84,2641
245,"2024-08-05 15:07:05.287689",,86,2727
246,"2024-08-05 15:07:06.049805",,26,659
247,"2024-08-05 15:07:07.049906",,83,2685
248,"2024-08-05 15:07:11.807109",,62,1940
249,"2024-08-05 15:07:17.191342",,75,2308
250,"2024-08-05 15:07:21.374591",,89,2828
251,"2024-08-05 15:07:23.192259",,65,1955
252,"2024-08-05 15:07:23.709889",,107,3513
253,"2024-08-05 15:07:23.777759",,59,1807
254,"2024-08-05 15:07:25.603243",,92,2957
255,"2024-08-05 15:07:34.063167",,104,3381
256,"2024-08-05 15:07:38.256239",,101,3264
257,"2024-08-05 15:07:38.601443",,80,2544
258,"2024-08-05 15:07:39.062223",,53,1573
259,"2024-08-05 15:07:46.917353",,95,3089
260,"2024-08-05 15:07:47.606386",,47,1426
261,"2024-08-05 15:07:51.312493",,92,2953
262,"2024-08-05 15:07:51.399196",,98,3209
263,"2024-08-05 15:07:52.649161",,102,3260
264,"2024-08-05 15:07:55.258200",,59,1719
265,"2024-08-05 15:07:55.295618",,89,2915
266,"2024-08-05 15:07:57.558851",,71,2222
267,"2024-08-05 15:08:01.773886",,58,1650
268,"2024-08-05 15:08:02.542153",,81,2588
269,"2024-08-05 15:08:02.902897",,83,2617
270,"2024-08-05 15:08:03.939731",,50,1444
271,"2024-08-05 15:08:04.659047",,50,1515
272,"2024-08-05 15:08:12.196102",,104,3388
273,"2024-08-05 15:08:13.025714",,44,1310
274,"2024-08-05 15:08:13.071999",,41,1156
275,"2024-08-05 15:08:14.815518",,44,1239
276,"2024-08-05 15:08:16.935630",,98,3166
277,"2024-08-05 15:08:18.120178",,89,2868
278,"2024-08-05 15:08:19.509044",,24,505
279,"2024-08-05 15:08:22.901719",,62,1868
280,"2024-08-05 15:08:25.836306",,47,1372
281,"2024-08-05 15:08:31.549209",,75,2318
282,"2024-08-05 15:08:31.710865",,29,756
283,"2024-08-05 15:08:34.091162",,26,594
284,"2024-08-05 15:08:39.315135",,23,569
285,"2024-08-05 15:08:39.837922",,69,2126
286,"2024-08-05 15:08:42.747981",,71,2227
287,"2024-08-05 15:08:45.970347",,59,1795
288,"2024-08-05 15:08:47.360377",,75,2327
289,"2024-08-05 15:08:48.741493",,65,2052
290,"2024-08-05 15:08:49.962466",,83,2606
291,"2024-08-05 15:08:54.306318",,44,1222
292,"2024-08-05 15:08:55.017892",,50,1433
293,"2024-08-05 15:08:55.148697",,107,3516
294,"2024-08-05 15:08:56.161628",,83,2625
295,"2024-08-05 15:08:56.834276",,95,3081
296,"2024-08-05 15:09:00.789708",,76,2344
297,"2024-08-05 15:09:01.937647",,62,1908
298,"2024-08-05 15:09:02.320664",,95,3116
299,"2024-08-05 15:09:03.448320",,78,2389
300,"2024-08-05 15:09:03.568351",,68,2136
301,"2024-08-05 15:09:03.598039",,38,1107
302,"2024-08-05 15:09:06.758405",,65,2048
303,"2024-08-05 15:09:10.148813",,38,1082
304,"2024-08-05 15:09:10.745154",,62,1905
305,"2024-08-05 15:09:11.876230",,26,680
306,"2024-08-05 15:09:13.697613",,77,2387
307,"2024-08-05 15:09:15.370518",,50,1503
308,"2024-08-05 15:09:16.741844",,90,2836
309,"2024-08-05 15:09:17.286390",,77,2440
310,"2024-08-05 15:09:18.308579",,81,2566
311,"2024-08-05 15:09:20.604920",,66,1956
312,"2024-08-05 15:09:21.510319",,98,3220
313,"2024-08-05 15:09:28.263844",,50,1505
314,"2024-08-05 15:09:29.289841",,62,1938
315,"2024-08-05 15:09:32.490265",,74,2313
316,"2024-08-05 15:09:36.325828",,38,1108
317,"2024-08-05 15:09:36.438861",,44,1291
318,"2024-08-05 15:09:37.694252",,96,3074
319,"2024-08-05 15:09:40.436491",,105,3389
320,"2024-08-05 15:09:41.916295",,23,501
321,"2024-08-05 15:09:42.045923",,47,1414
322,"2024-08-05 15:09:46.756092",,41,1195
323,"2024-08-05 15:09:47.050560",,108,3527
324,"2024-08-05 15:09:48.745002",,50,1434
325,"2024-08-05 15:09:57.226532",,23,498
326,"2024-08-05 15:10:07.140893",,53,1593
327,"2024-08-05 15:10:17.121070",,80,2579
328,"2024-08-05 15:10:33.392503",,108,3549
329,"2024-08-05 15:10:37.372604",,89,2877
330,"2024-08-05 15:10:38.775042",,38,1068
331,"2024-08-05 15:10:39.535789",,59,1732
332,"2024-08-05 15:10:40.942410",,47,1353
333,"2024-08-05 15:10:42.840962",,92,3038
334,"2024-08-05 15:10:44.783874",,77,2480
335,"2024-08-05 15:10:46.019368",,87,2721
336,"2024-08-05 15:10:58.561519",,83,2630
337,"2024-08-05 15:11:06.893471",,82,2560
338,"2024-08-05 15:11:08.692862",,69,2164
339,"2024-08-05 15:11:10.827363",,87,2815
340,"2024-08-05 15:11:11.429714",,107,3563
341,"2024-08-05 15:11:13.346225",,97,3096
342,"2024-08-05 15:11:17.003922",,95,3097
343,"2024-08-05 15:11:17.341162",,32,824
344,"2024-08-05 15:11:18.750715",,65,1989
345,"2024-08-05 15:11:19.467845",,47,1404
346,"2024-08-05 15:11:21.825629",,53,1568
347,"2024-08-05 15:11:22.348581",,47,1407
348,"2024-08-05 15:11:23.265436",,56,1697
349,"2024-08-05 15:11:25.398417",,29,794
350,"2024-08-05 15:11:40.581874",,109,3519
351,"2024-08-05 15:11:44.436588",,38,1070
352,"2024-08-05 15:11:44.805927",,80,2501
353,"2024-08-05 15:11:59.416810",,95,3076
354,"2024-08-05 15:12:06.693524",,70,2119
355,"2024-08-05 15:12:06.872315",,41,1114
356,"2024-08-05 15:12:18.810235",,72,2231
357,"2024-08-05 15:12:26.841862",,44,1283
358,"2024-08-05 15:12:27.969236",,44,1225
359,"2024-08-05 15:12:33.106390",,74,2319
360,"2024-08-05 15:12:43.404339",,84,2704
361,"2024-08-05 15:12:43.551815",,23,531
362,"2024-08-05 15:12:44.194644",,72,2260
363,"2024-08-05 15:12:51.768719",,101,3262
364,"2024-08-05 15:12:56.759852",,107,3479
365,"2024-08-05 15:12:57.854184",,86,2771
366,"2024-08-05 15:13:00.531489",,29,689
367,"2024-08-05 15:13:11.633839",,26,586
368,"2024-08-05 15:13:15.556048",,41,1196
369,"2024-08-05 15:13:19.400714",,47,1394
370,"2024-08-05 15:13:21.503886",,101,3339
371,"2024-08-05 15:13:23.496764",,62,1928
372,"2024-08-05 15:13:26.655835",,26,654
373,"2024-08-05 15:13:29.746515",,77,2394
374,"2024-08-05 15:13:31.719263",,74,2348
375,"2024-08-05 15:13:32.652140",,62,1933
376,"2024-08-05 15:13:34.015810",,101,3346
377,"2024-08-05 15:13:34.415550",,66,1980
378,"2024-08-05 15:13:37.863401",,47,1385
379,"2024-08-05 15:13:38.044938",,47,1408
380,"2024-08-05 15:13:38.898562",,36,920
381,"2024-08-05 15:13:45.829645",,80,2589
382,"2024-08-05 15:13:46.693104",,72,2223
383,"2024-08-05 15:13:58.482648",,23,521
384,"2024-08-05 15:14:00.796805",,66,2021
385,"2024-08-05 15:14:03.473950",,29,778
386,"2024-08-05 15:14:19.235179",,26,634
387,"2024-08-05 15:14:21.353674",,86,2777
388,"2024-08-05 15:14:22.247982",,89,2857
389,"2024-08-05 15:14:23.613906",,59,1769
390,"2024-08-05 15:14:26.469449",,89,2892
391,"2024-08-05 15:14:32.249107",,59,1729
392,"2024-08-05 15:14:40.398161",,89,2842
393,"2024-08-05 15:14:44.522185",,106,3456
394,"2024-08-05 15:14:45.235403",,33,858
395,"2024-08-05 15:14:52.766318",,62,1860
396,"2024-08-05 15:14:56.894748",,23,502
397,"2024-08-05 15:15:00.064961",,32,857
398,"2024-08-05 15:15:01.637357",,23,576
399,"2024-08-05 15:15:04.874045",,101,3335
400,"2024-08-05 15:15:06.473541",,59,1798
401,"2024-08-05 15:15:11.394344",,24,525
402,"2024-08-05 15:15:18.026097",,77,2457
403,"2024-08-05 15:15:19.525490",,96,3122
404,"2024-08-05 15:15:20.542112",,80,2552
405,"2024-08-05 15:15:25.540851",,96,3088
406,"2024-08-05 15:15:33.765150",,41,1164
407,"2024-08-05 15:15:39.695740",,92,2964
408,"2024-08-05 15:15:40.416521",,89,2844
409,"2024-08-05 15:15:41.721111",,98,3251
410,"2024-08-05 15:15:49.804977",,107,3543
411,"2024-08-05 15:15:51.622258",,66,1969
412,"2024-08-05 15:15:56.153265",,72,2249
413,"2024-08-05 15:15:56.933066",,29,716
414,"2024-08-05 15:15:57.634470",,74,2338
415,"2024-08-05 15:15:57.829261",,104,3416
416,"2024-08-05 15:15:59.505181",,47,1399
417,"2024-08-05 15:16:00.515066",,104,3417
418,"2024-08-05 15:16:01.956730",,41,1154
419,"2024-08-05 15:16:05.470270",,47,1347
420,"2024-08-05 15:16:08.689164",,74,2288
421,"2024-08-05 15:16:11.689558",,78,2410
422,"2024-08-05 15:16:12.030196",,72,2266
423,"2024-08-05 15:16:17.685123",,92,3030
424,"2024-08-05 15:16:19.782077",,89,2867
425,"2024-08-05 15:16:20.890675",,89,2925
426,"2024-08-05 15:16:29.968353",,95,3085
427,"2024-08-05 15:16:34.599525",,50,1453
429,"2024-08-05 15:16:41.601832",,78,2430
430,"2024-08-05 15:16:43.791184",,98,3224
431,"2024-08-05 15:16:49.030097",,23,537
432,"2024-08-05 15:16:56.341463",,74,2337
433,"2024-08-05 15:16:58.289201",,95,3129
434,"2024-08-05 15:17:05.418762",,102,3356
435,"2024-08-05 15:17:10.464275",,29,703
436,"2024-08-05 15:17:12.365838",,44,1264
437,"2024-08-05 15:17:17.708541",,83,2701
438,"2024-08-05 15:17:24.916944",,56,1623
439,"2024-08-05 15:17:26.809165",,107,3496
440,"2024-08-05 15:17:31.740189",,107,3559
441,"2024-08-05 15:17:35.716740",,98,3193
442,"2024-08-05 15:17:37.861130",,95,3100
443,"2024-08-05 15:17:44.959781",,78,2437
444,"2024-08-05 15:18:02.232948",,77,2374
445,"2024-08-05 15:18:02.831124",,89,2862
446,"2024-08-05 15:18:15.490477",,72,2238
447,"2024-08-05 15:18:25.418641",,26,668
448,"2024-08-05 15:18:27.123918",,35,937
449,"2024-08-05 15:18:34.184185",,26,598
450,"2024-08-05 15:18:34.878268",,50,1526
451,"2024-08-05 15:18:39.491042",,62,1936
452,"2024-08-05 15:18:51.873741",,72,2193
453,"2024-08-05 15:18:55.386792",,89,2864
454,"2024-08-05 15:18:55.972227",,28,664
455,"2024-08-05 15:18:58.572704",,80,2491
456,"2024-08-05 15:19:07.417749",,47,1413
457,"2024-08-05 15:19:10.549301",,93,2932
458,"2024-08-05 15:19:15.869449",,106,3373
459,"2024-08-05 15:19:16.100679",,101,3259
460,"2024-08-05 15:19:17.176974",,38,1099
461,"2024-08-05 15:19:19.558312",,47,1384
462,"2024-08-05 15:19:21.129159",,66,1958
463,"2024-08-05 15:19:22.800652",,44,1280
464,"2024-08-05 15:19:27.413624",,92,3008
465,"2024-08-05 15:19:27.628718",,26,579
466,"2024-08-05 15:19:29.269825",,29,728
467,"2024-08-05 15:19:33.276271",,83,2647
468,"2024-08-05 15:19:43.407222",,36,984
469,"2024-08-05 15:19:46.199410",,44,1309
470,"2024-08-05 15:20:02.966108",,44,1297
471,"2024-08-05 15:20:09.582671",,56,1687
472,"2024-08-05 15:20:15.009875",,56,1647
473,"2024-08-05 15:20:31.115537",,41,1182
474,"2024-08-05 15:20:31.823589",,95,3146
475,"2024-08-05 15:20:40.216404",,41,1120
476,"2024-08-05 15:20:46.397536",,78,2384
477,"2024-08-05 15:20:48.893383",,29,704
478,"2024-08-05 15:20:55.018002",,83,2643
479,"2024-08-05 15:20:56.729122",,44,1255
480,"2024-08-05 15:20:57.433506",,95,3073
481,"2024-08-05 15:21:00.069023",,86,2722
482,"2024-08-05 15:21:02.205429",,29,791
483,"2024-08-05 15:21:06.769738",,26,596
484,"2024-08-05 15:21:14.238772",,89,2853
485,"2024-08-05 15:21:19.417804",,81,2587
486,"2024-08-05 15:21:26.335112",,71,2268
487,"2024-08-05 15:21:28.646913",,44,1236
488,"2024-08-05 15:21:32.798261",,50,1471
489,"2024-08-05 15:21:42.140529",,38,1035
490,"2024-08-05 15:21:43.548768",,23,559
491,"2024-08-05 15:21:44.113484",,62,1854
492,"2024-08-05 15:21:49.718062",,32,879
493,"2024-08-05 15:21:53.255106",,108,3493
494,"2024-08-05 15:21:57.210778",,81,2531
495,"2024-08-05 15:21:59.153731",,86,2739
496,"2024-08-05 15:22:01.741229",,26,681
497,"2024-08-05 15:22:04.401609",,62,1887
498,"2024-08-05 15:22:17.901869",,59,1751
499,"2024-08-05 15:22:22.934055",,62,1843
500,"2024-08-05 15:22:30.825227",,53,1551
501,"2024-08-05 15:22:32.128263",,41,1152
502,"2024-08-05 15:22:35.734897",,62,1893
503,"2024-08-05 15:22:35.786161",,50,1445
504,"2024-08-05 15:22:37.990856",,32,887
505,"2024-08-05 15:22:40.473334",,29,735
506,"2024-08-05 15:22:43.589239",,77,2439
507,"2024-08-05 15:22:46.368930",,38,1039
508,"2024-08-05 15:22:49.722949",,23,509
509,"2024-08-05 15:23:02.772072",,70,2132
510,"2024-08-05 15:23:04.541746",,44,1212
511,"2024-08-05 15:23:17.761639",,108,3512
512,"2024-08-05 15:23:24.294489",,92,2955
513,"2024-08-05 15:23:33.913818",,23,485
514,"2024-08-05 15:23:40.246436",,50,1501
515,"2024-08-05 15:23:50.810230",,74,2358
516,"2024-08-05 15:24:01.570359",,44,1304
517,"2024-08-05 15:24:03.592071",,68,2131
518,"2024-08-05 15:24:08.212897",,63,1898
519,"2024-08-05 15:24:09.829621",,53,1599
520,"2024-08-05 15:24:12.665518",,74,2359
521,"2024-08-05 15:24:13.042485",,38,1021
522,"2024-08-05 15:24:21.801641",,71,2192
523,"2024-08-05 15:24:22.233845",,56,1698
524,"2024-08-05 15:24:23.362197",,93,2969
525,"2024-08-05 15:24:25.253498",,86,2765
526,"2024-08-05 15:24:27.130213",,98,3213
527,"2024-08-05 15:24:28.880905",,77,2421
528,"2024-08-05 15:24:31.297433",,86,2731
529,"2024-08-05 15:24:47.065478",,65,2011
530,"2024-08-05 15:24:51.239010",,86,2773
531,"2024-08-05 15:24:53.992763",,98,3205
532,"2024-08-05 15:24:56.482173",,57,1696
533,"2024-08-05 15:24:58.430032",,44,1216
534,"2024-08-05 15:25:00.661250",,56,1705
535,"2024-08-05 15:25:10.684086",,50,1438
536,"2024-08-05 15:25:20.488721",,56,1651
537,"2024-08-05 15:25:21.559828",,83,2705
538,"2024-08-05 15:25:25.521614",,35,996
539,"2024-08-05 15:25:28.112797",,23,530
540,"2024-08-05 15:25:30.204443",,98,3241
541,"2024-08-05 15:25:35.033627",,74,2303
542,"2024-08-05 15:25:35.057072",,71,2254
543,"2024-08-05 15:25:43.572664",,95,3065
544,"2024-08-05 15:25:43.768337",,29,693
545,"2024-08-05 15:25:43.907755",,92,3017
546,"2024-08-05 15:26:01.130049",,102,3278
547,"2024-08-05 15:26:11.475218",,90,2903
548,"2024-08-05 15:26:15.350178",,104,3418
549,"2024-08-05 15:26:18.594771",,44,1256
550,"2024-08-05 15:26:18.859898",,38,1069
551,"2024-08-05 15:26:20.273638",,95,3084
552,"2024-08-05 15:26:26.583233",,38,1106
553,"2024-08-05 15:26:26.687918",,35,989
554,"2024-08-05 15:26:27.104787",,35,946
555,"2024-08-05 15:26:27.902918",,74,2366
556,"2024-08-05 15:26:28.122112",,23,535
557,"2024-08-05 15:26:29.447813",,50,1441
558,"2024-08-05 15:26:37.477436",,32,903
559,"2024-08-05 15:26:40.125494",,23,557
560,"2024-08-05 15:26:42.166566",,41,1179
561,"2024-08-05 15:26:43.633225",,59,1780
562,"2024-08-05 15:26:45.361101",,104,3405
563,"2024-08-05 15:26:47.769856",,68,2106
564,"2024-08-05 15:26:49.689243",,59,1773
565,"2024-08-05 15:27:08.159088",,68,2165
566,"2024-08-05 15:27:09.436664",,72,2214
567,"2024-08-05 15:27:12.552076",,101,3292
568,"2024-08-05 15:27:21.567330",,74,2277
569,"2024-08-05 15:27:23.052537",,80,2503
570,"2024-08-05 15:27:33.668905",,74,2364
571,"2024-08-05 15:27:37.923275",,83,2637
572,"2024-08-05 15:27:41.240907",,35,918
573,"2024-08-05 15:27:43.645547",,69,2115
574,"2024-08-05 15:27:48.443587",,47,1425
575,"2024-08-05 15:27:53.450098",,107,3561
576,"2024-08-05 15:28:01.097998",,35,927
577,"2024-08-05 15:28:02.533971",,44,1299
578,"2024-08-05 15:28:13.164978",,77,2461
579,"2024-08-05 15:28:17.590240",,89,2889
580,"2024-08-05 15:28:40.072077",,81,2521
581,"2024-08-05 15:28:41.339419",,41,1184
582,"2024-08-05 15:28:58.821379",,50,1522
583,"2024-08-05 15:29:07.372178",,23,542
584,"2024-08-05 15:29:11.124423",,92,2966
585,"2024-08-05 15:29:17.069155",,29,774
586,"2024-08-05 15:29:20.977177",,75,2324
587,"2024-08-05 15:29:22.294375",,40,1034
588,"2024-08-05 15:29:22.949638",,47,1381
589,"2024-08-05 15:29:59.107412",,107,3538
590,"2024-08-05 15:30:12.320897",,41,1134
591,"2024-08-05 15:30:20.242876",,71,2243
592,"2024-08-05 15:30:20.976026",,87,2810
593,"2024-08-05 15:30:21.031677",,50,1520
594,"2024-08-05 15:30:22.549850",,30,755
595,"2024-08-05 15:30:22.830210",,29,786
596,"2024-08-05 15:30:26.731789",,107,3533
597,"2024-08-05 15:30:34.369966",,89,2863
598,"2024-08-05 15:30:41.208605",,105,3369
599,"2024-08-05 15:31:14.608877",,23,563
600,"2024-08-05 15:31:14.991938",,44,1281
601,"2024-08-05 15:31:24.950685",,38,1110
602,"2024-08-05 15:31:26.189232",,101,3287
603,"2024-08-05 15:31:33.257663",,64,1885
604,"2024-08-05 15:31:38.543637",,77,2422
605,"2024-08-05 15:31:42.098595",,62,1900
606,"2024-08-05 15:31:42.202286",,59,1805
607,"2024-08-05 15:31:58.495809",,62,1883
608,"2024-08-05 15:32:02.917003",,80,2506
609,"2024-08-05 15:32:13.415837",,95,3126
610,"2024-08-05 15:32:14.044213",,98,3244
611,"2024-08-05 15:32:15.323834",,86,2748
612,"2024-08-05 15:32:15.871605",,72,2217
613,"2024-08-05 15:32:17.245837",,44,1269
614,"2024-08-05 15:32:18.736506",,50,1523
615,"2024-08-05 15:32:21.252136",,92,2980
616,"2024-08-05 15:32:32.117590",,42,1130
617,"2024-08-05 15:32:44.996414",,83,2711
618,"2024-08-05 15:32:48.538619",,38,1031
619,"2024-08-05 15:32:49.852754",,44,1221
620,"2024-08-05 15:32:53.539964",,96,3145
621,"2024-08-05 15:32:58.012455",,32,836
622,"2024-08-05 15:33:03.734063",,65,1949
623,"2024-08-05 15:33:07.068196",,59,1783
624,"2024-08-05 15:33:10.572688",,77,2465
625,"2024-08-05 15:33:23.746629",,62,1870
626,"2024-08-05 15:33:24.186967",,50,1506
627,"2024-08-05 15:33:30.411168",,104,3460
628,"2024-08-05 15:33:31.314735",,70,2099
629,"2024-08-05 15:33:32.972497",,77,2458
630,"2024-08-05 15:33:34.935435",,77,2391
631,"2024-08-05 15:33:42.975665",,26,585
632,"2024-08-05 15:33:44.295691",,72,2177
633,"2024-08-05 15:33:49.712828",,65,1961
634,"2024-08-05 15:33:50.737955",,86,2728
635,"2024-08-05 15:33:53.326253",,101,3349
636,"2024-08-05 15:33:55.255205",,104,3375
637,"2024-08-05 15:33:57.807295",,50,1511
638,"2024-08-05 15:34:04.823071",,39,1066
639,"2024-08-05 15:34:08.007122",,86,2752
640,"2024-08-05 15:34:09.933817",,23,520
641,"2024-08-05 15:34:10.397695",,29,763
642,"2024-08-05 15:34:11.588910",,87,2786
643,"2024-08-05 15:34:24.986479",,92,3019
644,"2024-08-05 15:34:30.486335",,26,651
645,"2024-08-05 15:34:37.997189",,32,816
646,"2024-08-05 15:34:38.383062",,83,2695
647,"2024-08-05 15:34:41.497990",,77,2373
648,"2024-08-05 15:34:42.529937",,75,2317
649,"2024-08-05 15:34:46.274414",,59,1772
650,"2024-08-05 15:34:46.379242",,77,2408
651,"2024-08-05 15:34:50.956955",,83,2609
652,"2024-08-05 15:34:56.093823",,26,627
653,"2024-08-05 15:34:59.240380",,83,2658
654,"2024-08-05 15:35:31.000438",,38,1032
655,"2024-08-05 15:35:32.792485",,29,706
656,"2024-08-05 15:35:35.494159",,47,1379
657,"2024-08-05 15:35:50.144080",,72,2236
658,"2024-08-05 15:35:52.322415",,35,940
659,"2024-08-05 15:35:56.235702",,80,2595
660,"2024-08-05 15:36:04.106452",,84,2634
661,"2024-08-05 15:36:05.531924",,101,3347
662,"2024-08-05 15:36:09.580746",,38,1109
663,"2024-08-05 15:36:19.413305",,102,3310
664,"2024-08-05 15:36:27.936564",,47,1400
665,"2024-08-05 15:36:30.129136",,74,2300
666,"2024-08-05 15:36:35.330614",,68,2154
667,"2024-08-05 15:36:39.351706",,89,2840
668,"2024-08-05 15:37:01.778326",,74,2323
669,"2024-08-05 15:37:10.913988",,106,3371
670,"2024-08-05 15:37:11.661053",,20,467
671,"2024-08-05 15:37:14.561495",,50,1482
672,"2024-08-05 15:37:26.342748",,65,1960
673,"2024-08-05 15:37:30.954060",,26,644
674,"2024-08-05 15:37:32.497366",,87,2720
675,"2024-08-05 15:37:35.136720",,94,3014
676,"2024-08-05 15:37:40.832020",,29,766
677,"2024-08-05 15:37:45.450496",,86,2726
678,"2024-08-05 15:37:47.681843",,104,3413
679,"2024-08-05 15:38:02.805344",,105,3367
680,"2024-08-05 15:38:15.691083",,102,3290
681,"2024-08-05 15:38:15.959673",,62,1937
682,"2024-08-05 15:38:17.309347",,47,1421
683,"2024-08-05 15:38:18.946152",,53,1548
684,"2024-08-05 15:38:21.353729",,71,2229
685,"2024-08-05 15:38:34.386791",,50,1458
686,"2024-08-05 15:38:41.736805",,32,899
687,"2024-08-05 15:38:46.361474",,56,1676
688,"2024-08-05 15:38:58.431482",,62,1931
689,"2024-08-05 15:39:08.020908",,71,2183
690,"2024-08-05 15:39:09.450082",,81,2505
691,"2024-08-05 15:39:12.767115",,29,702
692,"2024-08-05 15:39:14.341900",,68,2083
693,"2024-08-05 15:39:20.606342",,93,2959
694,"2024-08-05 15:39:36.698340",,56,1653
695,"2024-08-05 15:39:51.168423",,62,1910
696,"2024-08-05 15:39:58.022258",,62,1930
697,"2024-08-05 15:40:15.707384",,24,506
698,"2024-08-05 15:40:16.442855",,32,805
699,"2024-08-05 15:40:19.411897",,32,803
700,"2024-08-05 15:40:45.010811",,67,2019
701,"2024-08-05 15:40:48.292163",,74,2345
702,"2024-08-05 15:40:57.852953",,31,775
703,"2024-08-05 15:41:27.559507",,100,3225
704,"2024-08-05 15:41:28.226771",,104,3404
705,"2024-08-05 15:41:48.618487",,62,1892
706,"2024-08-05 15:41:52.291450",,44,1251
707,"2024-08-05 15:42:29.938410",,84,2681
708,"2024-08-05 15:42:39.725286",,26,589
709,"2024-08-05 15:42:41.680916",,101,3300
710,"2024-08-05 15:42:46.844970",,47,1391
711,"2024-08-05 15:43:14.806480",,38,1067
712,"2024-08-05 15:43:17.726323",,96,3104
713,"2024-08-05 15:43:19.322185",,23,518
714,"2024-08-05 15:43:20.159020",,65,2058
715,"2024-08-05 15:43:22.179089",,101,3298
716,"2024-08-05 15:43:25.214042",,47,1409
717,"2024-08-05 15:43:39.000772",,71,2264
718,"2024-08-05 15:43:39.891763",,26,620
719,"2024-08-05 15:43:53.314151",,81,2592
720,"2024-08-05 15:44:02.606515",,26,653
721,"2024-08-05 15:44:04.626269",,68,2128
722,"2024-08-05 15:44:17.040424",,71,2206
724,"2024-08-05 15:44:18.073899",,59,1816
725,"2024-08-05 15:44:19.999864",,26,591
726,"2024-08-05 15:44:24.990317",,83,2709
727,"2024-08-05 15:44:26.024444",,53,1540
728,"2024-08-05 15:44:38.584298",,23,566
729,"2024-08-05 15:44:43.828916",,41,1176
730,"2024-08-05 15:44:47.961461",,29,749
731,"2024-08-05 15:44:53.165921",,62,1917
732,"2024-08-05 15:45:03.958597",,74,2334
733,"2024-08-05 15:45:05.537920",,69,2122
734,"2024-08-05 15:45:39.124474",,80,2550
735,"2024-08-05 15:45:42.113387",,59,1723
736,"2024-08-05 15:46:02.905835",,56,1709
737,"2024-08-05 15:46:03.549717",,56,1673
738,"2024-08-05 15:46:18.354163",,53,1545
739,"2024-08-05 15:46:22.631300",,86,2742
740,"2024-08-05 15:46:23.198356",,83,2677
741,"2024-08-05 15:46:27.265504",,50,1480
742,"2024-08-05 15:46:37.780977",,92,3031
743,"2024-08-05 15:46:51.005031",,41,1117
744,"2024-08-05 15:46:55.937213",,47,1415
745,"2024-08-05 15:47:11.044198",,57,1649
746,"2024-08-05 15:47:11.117244",,32,854
747,"2024-08-05 15:47:33.737786",,98,3187
748,"2024-08-05 15:47:39.583838",,59,1800
749,"2024-08-05 15:47:44.290063",,108,3488
750,"2024-08-05 15:47:46.550420",,101,3338
751,"2024-08-05 15:48:06.849578",,23,528
752,"2024-08-05 15:48:25.316752",,59,1776
753,"2024-08-05 15:48:40.477921",,106,3426
754,"2024-08-05 15:48:41.512286",,26,583
755,"2024-08-05 15:48:51.524592",,26,581
756,"2024-08-05 15:48:58.443723",,69,2160
757,"2024-08-05 15:48:59.452293",,92,2926
758,"2024-08-05 15:49:10.846558",,29,739
759,"2024-08-05 15:49:11.794344",,50,1437
760,"2024-08-05 15:49:16.009509",,74,2367
761,"2024-08-05 15:49:26.772302",,105,3419
762,"2024-08-05 15:49:31.437091",,95,3107
763,"2024-08-05 15:50:07.818590",,92,3005
764,"2024-08-05 15:50:21.604153",,78,2415
765,"2024-08-05 15:50:22.045034",,53,1614
766,"2024-08-05 15:50:25.270823",,41,1175
767,"2024-08-05 15:50:36.848996",,74,2276
768,"2024-08-05 15:50:38.724500",,26,609
769,"2024-08-05 15:51:05.400011",,71,2215
770,"2024-08-05 15:51:12.041480",,29,688
771,"2024-08-05 15:51:20.109764",,83,2621
772,"2024-08-05 15:51:20.507503",,32,863
773,"2024-08-05 15:51:21.101349",,59,1768
774,"2024-08-05 15:51:24.856903",,74,2328
775,"2024-08-05 15:51:40.941188",,47,1349
776,"2024-08-05 15:51:41.302460",,29,696
777,"2024-08-05 15:51:52.525613",,44,1292
778,"2024-08-05 15:51:56.136807",,92,3018
779,"2024-08-05 15:52:13.250980",,77,2485
780,"2024-08-05 15:52:25.814537",,101,3325
781,"2024-08-05 15:52:27.293806",,80,2568
782,"2024-08-05 15:52:38.092312",,96,3139
783,"2024-08-05 15:52:42.844256",,107,3473
784,"2024-08-05 15:52:59.933046",,44,1274
785,"2024-08-05 15:53:07.101229",,35,998
786,"2024-08-05 15:53:16.171936",,78,2406
787,"2024-08-05 15:53:41.584933",,102,3328
788,"2024-08-05 15:53:43.604741",,53,1609
789,"2024-08-05 15:53:49.533769",,69,2137
790,"2024-08-05 15:53:57.450470",,50,1455
791,"2024-08-05 15:54:05.882143",,89,2921
792,"2024-08-05 15:54:18.623171",,77,2380
793,"2024-08-05 15:54:25.289433",,103,3358
794,"2024-08-05 15:54:28.403747",,101,3269
795,"2024-08-05 15:54:34.238022",,80,2559
796,"2024-08-05 15:54:49.813334",,74,2336
797,"2024-08-05 15:54:53.170157",,77,2400
798,"2024-08-05 15:55:08.849715",,104,3403
799,"2024-08-05 15:55:09.195279",,75,2339
800,"2024-08-05 15:55:23.678173",,92,2930
801,"2024-08-05 15:55:24.668514",,88,2812
802,"2024-08-05 15:55:33.777148",,92,3006
803,"2024-08-05 15:55:36.725331",,41,1180
804,"2024-08-05 15:55:53.199683",,62,1844
805,"2024-08-05 15:55:54.269906",,63,1842
806,"2024-08-05 15:55:56.558482",,60,1775
808,"2024-08-05 15:56:13.524402",,35,990
809,"2024-08-05 15:56:19.264721",,105,3444
810,"2024-08-05 15:56:32.506618",,77,2446
811,"2024-08-05 15:56:37.173781",,62,1877
812,"2024-08-05 15:56:44.546695",,23,507
813,"2024-08-05 15:57:08.336749",,98,3236
814,"2024-08-05 15:57:22.346509",,59,1718
815,"2024-08-05 15:57:40.627741",,74,2325
816,"2024-08-05 15:57:52.790330",,35,991
817,"2024-08-05 15:58:20.000577",,101,3343
818,"2024-08-05 15:58:31.030962",,32,856
819,"2024-08-05 15:58:33.018638",,23,479
820,"2024-08-05 15:58:45.885127",,80,2569
821,"2024-08-05 15:58:56.131285",,23,554
822,"2024-08-05 15:59:01.347899",,29,711
823,"2024-08-05 15:59:18.326833",,71,2253
824,"2024-08-05 15:59:28.906741",,44,1237
825,"2024-08-05 15:59:37.741748",,26,671
826,"2024-08-05 15:59:40.008836",,74,2370
827,"2024-08-05 15:59:40.184999",,62,1878
828,"2024-08-05 15:59:54.515134",,101,3355
829,"2024-08-05 16:00:30.642743",,24,560
830,"2024-08-05 16:01:04.770247",,29,790
831,"2024-08-05 16:01:10.481919",,41,1202
832,"2024-08-05 16:01:21.425530",,80,2537
833,"2024-08-05 16:01:28.980983",,35,1000
834,"2024-08-05 16:01:33.173711",,98,3257
835,"2024-08-05 16:01:33.379032",,68,2069
836,"2024-08-05 16:01:46.024327",,26,646
837,"2024-08-05 16:01:49.634801",,105,3378
838,"2024-08-05 16:01:52.769730",,41,1115
839,"2024-08-05 16:01:53.629777",,66,1948
840,"2024-08-05 16:02:04.857090",,59,1815
841,"2024-08-05 16:02:08.661014",,23,487
842,"2024-08-05 16:02:20.693789",,98,3246
843,"2024-08-05 16:03:12.361696",,69,2156
844,"2024-08-05 16:03:13.436326",,38,1072
845,"2024-08-05 16:03:19.936673",,35,973
846,"2024-08-05 16:03:47.835786",,80,2543
847,"2024-08-05 16:04:03.545553",,56,1689
848,"2024-08-05 16:04:04.364592",,35,917
849,"2024-08-05 16:04:16.798748",,83,2679
850,"2024-08-05 16:04:46.964569",,66,1977
851,"2024-08-05 16:04:52.508195",,32,900
852,"2024-08-05 16:05:00.654431",,47,1345
853,"2024-08-05 16:05:23.895463",,86,2716
854,"2024-08-05 16:05:27.291333",,53,1538
855,"2024-08-05 16:05:28.728643",,65,1952
856,"2024-08-05 16:05:38.862116",,79,2463
857,"2024-08-05 16:06:10.011542",,108,3544
858,"2024-08-05 16:06:17.554708",,92,3024
859,"2024-08-05 16:06:22.538374",,26,666
860,"2024-08-05 16:06:35.017463",,98,3168
861,"2024-08-05 16:07:05.605926",,71,2170
862,"2024-08-05 16:07:09.532259",,65,2002
863,"2024-08-05 16:07:21.839932",,47,1389
864,"2024-08-05 16:07:22.934759",,69,2091
865,"2024-08-05 16:07:30.669697",,65,2007
866,"2024-08-05 16:07:42.386539",,101,3311
867,"2024-08-05 16:07:44.899514",,53,1615
868,"2024-08-05 16:08:06.045657",,47,1419
869,"2024-08-05 16:08:12.800977",,84,2642
870,"2024-08-05 16:08:42.269718",,65,1997
871,"2024-08-05 16:08:54.562038",,29,753
872,"2024-08-05 16:09:13.652032",,38,1062
873,"2024-08-05 16:09:19.260731",,68,2074
874,"2024-08-05 16:09:41.140746",,80,2602
875,"2024-08-05 16:09:44.628466",,78,2402
876,"2024-08-05 16:09:51.005278",,71,2273
877,"2024-08-05 16:10:02.448192",,24,495
878,"2024-08-05 16:10:16.428208",,20,447
879,"2024-08-05 16:10:17.393975",,23,526
880,"2024-08-05 16:10:38.285857",,35,980
881,"2024-08-05 16:10:46.006446",,77,2403
882,"2024-08-05 16:10:59.385646",,20,462
883,"2024-08-05 16:11:08.125506",,59,1746
884,"2024-08-05 16:11:12.921735",,68,2088
885,"2024-08-05 16:11:15.560651",,93,2933
886,"2024-08-05 16:11:15.717767",,60,1743
887,"2024-08-05 16:11:23.669477",,29,764
888,"2024-08-05 16:11:43.805868",,59,1801
889,"2024-08-05 16:11:46.860969",,53,1560
890,"2024-08-05 16:12:18.653593",,78,2456
891,"2024-08-05 16:12:29.322952",,81,2554
892,"2024-08-05 16:12:45.021369",,23,481
893,"2024-08-05 16:12:55.496851",,104,3400
894,"2024-08-05 16:13:07.232464",,44,1241
895,"2024-08-05 16:13:24.150805",,98,3234
896,"2024-08-05 16:13:24.322264",,96,3056
897,"2024-08-05 16:13:26.830088",,95,3047
898,"2024-08-05 16:13:38.963563",,63,1907
899,"2024-08-05 16:14:11.219735",,45,1224
900,"2024-08-05 16:14:43.526111",,83,2653
901,"2024-08-05 16:14:55.996024",,90,2873
902,"2024-08-05 16:15:08.073252",,99,3242
903,"2024-08-05 16:15:14.906674",,71,2255
904,"2024-08-05 16:15:20.514911",,66,2029
905,"2024-08-05 16:15:37.699518",,40,1020
906,"2024-08-05 16:15:42.459870",,80,2515
907,"2024-08-05 16:15:58.301866",,65,1967
908,"2024-08-05 16:16:04.465939",,26,647
909,"2024-08-05 16:16:14.874122",,50,1488
910,"2024-08-05 16:17:08.893702",,65,2043
911,"2024-08-05 16:17:17.467149",,80,2577
912,"2024-08-05 16:17:20.201685",,62,1934
913,"2024-08-05 16:17:31.658752",,95,3136
914,"2024-08-05 16:17:36.932586",,107,3520
915,"2024-08-05 16:17:38.318856",,29,729
916,"2024-08-05 16:17:41.093445",,53,1578
917,"2024-08-05 16:17:49.536614",,23,516
918,"2024-08-05 16:18:00.113744",,32,850
919,"2024-08-05 16:18:01.502978",,75,2296
920,"2024-08-05 16:18:13.942364",,107,3494
921,"2024-08-05 16:18:32.860555",,104,3435
922,"2024-08-05 16:18:38.944718",,68,2082
923,"2024-08-05 16:19:07.153314",,74,2329
924,"2024-08-05 16:19:08.615915",,33,804
925,"2024-08-05 16:19:16.533354",,90,2869
926,"2024-08-05 16:19:19.117044",,75,2279
927,"2024-08-05 16:19:19.286722",,51,1530
928,"2024-08-05 16:19:22.648429",,35,929
929,"2024-08-05 16:19:55.628112",,72,2226
930,"2024-08-05 16:20:40.349786",,89,2827
931,"2024-08-05 16:20:59.308818",,41,1149
932,"2024-08-05 16:21:21.120229",,95,3125
933,"2024-08-05 16:21:29.728211",,80,2488
934,"2024-08-05 16:21:45.380554",,65,1990
935,"2024-08-05 16:21:52.739074",,77,2396
936,"2024-08-05 16:21:56.957063",,56,1639
937,"2024-08-05 16:22:10.726293",,41,1186
938,"2024-08-05 16:22:18.273233",,47,1395
939,"2024-08-05 16:22:28.502078",,114,1
940,"2024-08-05 16:22:36.585938",,42,1194
941,"2024-08-05 16:22:43.921399",,101,3291
942,"2024-08-05 16:23:04.928294",,80,2585
943,"2024-08-05 16:23:06.557135",,29,793
944,"2024-08-05 16:23:12.021918",,95,3099
945,"2024-08-05 16:23:14.665899",,105,3450
946,"2024-08-05 16:23:40.532965",,53,1564
947,"2024-08-05 16:23:43.384416",,90,2832
948,"2024-08-05 16:23:54.186158",,80,2564
949,"2024-08-05 16:23:58.498621",,32,852
950,"2024-08-05 16:24:24.625934",,107,3522
951,"2024-08-05 16:24:32.803305",,113,13
952,"2024-08-05 16:24:33.217627",,92,3044
953,"2024-08-05 16:24:39.862579",,83,2645
954,"2024-08-05 16:25:05.910437",,50,1478
955,"2024-08-05 16:25:15.468845",,68,2117
956,"2024-08-05 16:25:38.167229",,95,3153
957,"2024-08-05 16:25:49.661819",,45,1247
958,"2024-08-05 16:25:49.760493",,56,1625
959,"2024-08-05 16:25:53.256757",,83,2607
960,"2024-08-05 16:25:55.749903",,93,3023
963,"2024-08-05 16:26:11.333192",,86,2768
965,"2024-08-05 16:26:27.040429",,83,2618
966,"2024-08-05 16:26:51.879767",,23,541
967,"2024-08-05 16:26:52.375698",,32,881
968,"2024-08-05 16:27:10.050271",,35,992
969,"2024-08-05 16:27:14.013865",,95,3087
970,"2024-08-05 16:27:42.355946",,99,3171
971,"2024-08-05 16:29:32.966585",,62,1945
972,"2024-08-05 16:29:36.680844",,32,845
973,"2024-08-05 16:29:56.961426",,74,2284
974,"2024-08-05 16:30:04.826206",,80,2508
975,"2024-08-05 16:30:08.417935",,41,1207
976,"2024-08-05 16:30:44.524673",,53,1616
977,"2024-08-05 16:30:50.229749",,65,1994
978,"2024-08-05 16:30:52.198150",,32,840
979,"2024-08-05 16:31:12.290844",,65,2047
980,"2024-08-05 16:31:14.252584",,26,679
981,"2024-08-05 16:31:19.157699",,20,382
982,"2024-08-05 16:31:24.297304",,50,1473
983,"2024-08-05 16:31:26.175125",,47,1352
984,"2024-08-05 16:31:26.433542",,86,2800
985,"2024-08-05 16:31:35.752152",,92,3037
986,"2024-08-05 16:31:47.850517",,86,2762
987,"2024-08-05 16:31:55.616739",,84,2673
988,"2024-08-05 16:32:22.434501",,98,3240
989,"2024-08-05 16:32:29.317608",,107,3537
990,"2024-08-05 16:32:34.860425",,44,1261
991,"2024-08-05 16:32:40.240950",,69,2072
992,"2024-08-05 16:32:51.965036",,23,523
993,"2024-08-05 16:33:09.018240",,101,3345
994,"2024-08-05 16:33:18.178746",,71,2235
995,"2024-08-05 16:33:25.532528",,98,3190
996,"2024-08-05 16:33:35.805138",,26,678
997,"2024-08-05 16:33:45.768407",,68,2107
998,"2024-08-05 16:34:04.581252",,56,1645
999,"2024-08-05 16:34:10.491615",,77,2376
1000,"2024-08-05 16:34:34.782003",,47,1335
1001,"2024-08-05 16:35:23.470566",,35,928
1002,"2024-08-05 16:35:39.061188",,53,1567
1003,"2024-08-05 16:35:58.169130",,108,3568
1004,"2024-08-05 16:36:13.980695",,80,2496
1005,"2024-08-05 16:37:04.368110",,71,2272
1006,"2024-08-05 16:37:30.147849",,38,1059
1007,"2024-08-05 16:37:32.486050",,90,2843
1008,"2024-08-05 16:37:37.756580",,98,3184
1009,"2024-08-05 16:38:35.479384",,89,2879
1010,"2024-08-05 16:38:36.271358",,26,630
1011,"2024-08-05 16:38:58.662169",,80,2498
1012,"2024-08-05 16:39:04.644623",,32,846
1013,"2024-08-05 16:39:05.852490",,104,3402
1014,"2024-08-05 16:39:23.229792",,47,1401
1015,"2024-08-05 16:39:37.690474",,53,1553
1016,"2024-08-05 16:39:45.671177",,41,1144
1017,"2024-08-05 16:40:02.112073",,44,1218
1018,"2024-08-05 16:40:14.160234",,68,2079
1019,"2024-08-05 16:40:29.509487",,77,2416
1020,"2024-08-05 16:40:39.329602",,44,1211
1021,"2024-08-05 16:40:45.650623",,26,612
1022,"2024-08-05 16:41:05.790189",,20,416
1023,"2024-08-05 16:41:13.058445",,62,1922
1024,"2024-08-05 16:41:32.703329",,41,1197
1025,"2024-08-05 16:41:32.851327",,53,1550
1026,"2024-08-05 16:41:55.113161",,107,3542
1027,"2024-08-05 16:42:07.315040",,29,760
1028,"2024-08-05 16:42:20.855988",,75,2343
1029,"2024-08-05 16:42:27.379070",,62,1832
1030,"2024-08-05 16:42:33.704474",,68,2143
1031,"2024-08-05 16:42:34.928187",,38,1016
1032,"2024-08-05 16:42:54.885861",,74,2357
1033,"2024-08-05 16:43:01.030988",,107,3477
1034,"2024-08-05 16:43:11.952073",,38,1044
1035,"2024-08-05 16:43:24.517925",,89,2902
1036,"2024-08-05 16:43:52.079223",,92,3011
1037,"2024-08-05 16:43:53.035305",,50,1513
1038,"2024-08-05 16:43:55.976909",,78,2428
1039,"2024-08-05 16:44:18.892797",,89,2855
1040,"2024-08-05 16:44:23.874749",,68,2158
1041,"2024-08-05 16:44:36.773204",,87,2734
1042,"2024-08-05 16:44:42.047965",,101,3286
1043,"2024-08-05 16:44:43.389051",,107,3480
1044,"2024-08-05 16:44:50.339328",,59,1814
1045,"2024-08-05 16:44:55.626467",,105,3412
1046,"2024-08-05 16:45:09.529455",,92,2978
1047,"2024-08-05 16:45:16.900036",,50,1474
1048,"2024-08-05 16:45:27.418234",,56,1707
1049,"2024-08-05 16:45:37.895649",,98,3223
1050,"2024-08-05 16:45:49.489093",,86,2725
1051,"2024-08-05 16:45:57.198041",,104,3410
1052,"2024-08-05 16:46:46.565706",,53,1607
1053,"2024-08-05 16:47:06.918392",,35,981
1054,"2024-08-05 16:47:19.987954",,71,2190
1055,"2024-08-05 16:47:49.705985",,47,1397
1056,"2024-08-05 16:48:11.150659",,90,2865
1057,"2024-08-05 16:48:18.621768",,26,611
1058,"2024-08-05 16:48:53.627511",,86,2804
1059,"2024-08-05 16:48:55.927817",,107,3541
1060,"2024-08-05 16:49:08.118085",,32,847
1061,"2024-08-05 16:49:17.268279",,20,401
1062,"2024-08-05 16:49:30.689533",,53,1592
1063,"2024-08-05 16:51:03.904627",,104,3438
1064,"2024-08-05 16:51:06.514092",,62,1944
1065,"2024-08-05 16:51:15.302725",,87,2783
1066,"2024-08-05 16:51:18.862117",,90,2820
1067,"2024-08-05 16:51:40.790294",,20,463
1068,"2024-08-05 16:51:43.402646",,72,2241
1069,"2024-08-05 16:51:50.186785",,83,2693
1070,"2024-08-05 16:51:52.212697",,23,480
1071,"2024-08-05 16:52:06.658525",,80,2529
1072,"2024-08-05 16:52:08.482222",,36,1005
1073,"2024-08-05 16:52:15.959849",,65,2012
1074,"2024-08-05 16:52:28.139694",,98,3162
1075,"2024-08-05 16:52:33.143999",,62,1879
1076,"2024-08-05 16:52:38.582316",,27,633
1077,"2024-08-05 16:52:47.501003",,44,1300
1078,"2024-08-05 16:52:51.536469",,98,3254
1079,"2024-08-05 16:52:52.538981",,102,3261
1080,"2024-08-05 16:53:08.635603",,47,1328
1081,"2024-08-05 16:53:29.930472",,98,3211
1082,"2024-08-05 16:53:32.441568",,40,1077
1083,"2024-08-05 16:53:46.046789",,56,1658
1084,"2024-08-05 16:53:53.791759",,95,3080
1085,"2024-08-05 16:53:53.829097",,93,2935
1086,"2024-08-05 16:54:23.954128",,92,2958
1087,"2024-08-05 16:54:30.706619",,66,2054
1088,"2024-08-05 16:54:39.305116",,56,1700
1089,"2024-08-05 16:54:41.404851",,29,776
1090,"2024-08-05 16:54:43.556505",,38,1048
1091,"2024-08-05 16:54:49.602905",,41,1116
1092,"2024-08-05 16:55:11.372618",,23,473
1093,"2024-08-05 16:55:47.795410",,77,2411
1094,"2024-08-05 16:55:53.429787",,69,2120
1095,"2024-08-05 16:56:11.408950",,20,410
1097,"2024-08-05 16:56:25.807891",,83,2670
1098,"2024-08-05 16:56:32.098590",,95,3079
1099,"2024-08-05 16:56:40.002243",,44,1287
1100,"2024-08-05 16:56:52.858056",,38,1037
1101,"2024-08-05 16:57:26.918611",,66,1965
1102,"2024-08-05 16:57:55.892064",,60,1770
1103,"2024-08-05 16:58:05.565812",,77,2401
1104,"2024-08-05 16:58:11.597424",,108,3492
1105,"2024-08-05 16:58:12.332065",,65,2001
1106,"2024-08-05 16:58:12.749029",,107,3499
1107,"2024-08-05 16:58:15.462154",,65,2033
1108,"2024-08-05 16:58:18.465873",,60,1725
1109,"2024-08-05 16:58:32.378094",,101,3270
1110,"2024-08-05 16:59:14.369997",,104,3446
1111,"2024-08-05 16:59:23.006385",,41,1121
1112,"2024-08-05 16:59:29.641181",,77,2468
1113,"2024-08-05 17:00:14.294299",,59,1803
1114,"2024-08-05 17:00:33.848240",,44,1235
1115,"2024-08-05 17:00:42.601935",,108,3481
1116,"2024-08-05 17:00:49.264325",,20,414
1117,"2024-08-05 17:01:14.510182",,68,2149
1118,"2024-08-05 17:01:28.584900",,53,1576
1119,"2024-08-05 17:01:32.492324",,98,3198
1120,"2024-08-05 17:01:34.069397",,53,1547
1121,"2024-08-05 17:01:43.173463",,109,3468
1122,"2024-08-05 17:02:13.285129",,26,622
1123,"2024-08-05 17:02:15.617277",,86,2814
1124,"2024-08-05 17:02:48.469391",,95,3057
1125,"2024-08-05 17:02:49.825206",,44,1284
1126,"2024-08-05 17:03:32.333437",,48,1340
1127,"2024-08-05 17:03:45.506320",,95,3055
1128,"2024-08-05 17:03:54.926266",,20,389
1129,"2024-08-05 17:04:09.922512",,41,1208
1130,"2024-08-05 17:04:22.900533",,66,1974
1131,"2024-08-05 17:04:30.532203",,102,3312
1132,"2024-08-05 17:04:34.057874",,87,2784
1133,"2024-08-05 17:04:45.555984",,89,2831
1134,"2024-08-05 17:05:01.216882",,32,908
1135,"2024-08-05 17:05:12.657184",,84,2603
1136,"2024-08-05 17:05:15.053446",,83,2692
1137,"2024-08-05 17:05:29.189610",,47,1342
1138,"2024-08-05 17:05:37.362711",,35,909
1139,"2024-08-05 17:06:43.151315",,44,1275
1140,"2024-08-05 17:07:16.554072",,80,2534
1141,"2024-08-05 17:07:19.703634",,80,2578
1142,"2024-08-05 17:07:27.793456",,57,1710
1143,"2024-08-05 17:07:37.317270",,32,882
1144,"2024-08-05 17:07:52.282891",,50,1429
1145,"2024-08-05 17:07:59.394643",,32,818
1146,"2024-08-05 17:08:10.258148",,53,1610
1147,"2024-08-05 17:08:17.591947",,74,2297
1148,"2024-08-05 17:09:03.081707",,74,2306
1149,"2024-08-05 17:09:08.841758",,50,1497
1150,"2024-08-05 17:09:09.150475",,78,2388
1151,"2024-08-05 17:09:14.122289",,47,1351
1152,"2024-08-05 17:09:14.568825",,65,1983
1153,"2024-08-05 17:09:34.465966",,35,968
1154,"2024-08-05 17:10:17.541512",,44,1305
1155,"2024-08-05 17:10:24.189852",,35,919
1156,"2024-08-05 17:10:25.433554",,101,3361
1157,"2024-08-05 17:11:35.356465",,83,2646
1158,"2024-08-05 17:11:53.820137",,32,904
1159,"2024-08-05 17:11:56.430552",,62,1925
1160,"2024-08-05 17:12:02.947308",,94,2946
1161,"2024-08-05 17:12:11.975989",,41,1157
1162,"2024-08-05 17:12:34.819013",,44,1312
1163,"2024-08-05 17:12:47.693777",,33,892
1164,"2024-08-05 17:13:27.577893",,39,1075
1166,"2024-08-05 17:13:34.890562",,47,1387
1167,"2024-08-05 17:13:49.178522",,74,2362
1168,"2024-08-05 17:13:54.014718",,23,546
1169,"2024-08-05 17:14:35.839823",,54,1618
1170,"2024-08-05 17:14:43.338988",,38,1015
1171,"2024-08-05 17:14:48.435937",,38,1074
1172,"2024-08-05 17:15:07.335117",,35,950
1173,"2024-08-05 17:15:43.519259",,29,713
1174,"2024-08-05 17:16:14.273018",,71,2185
1176,"2024-08-05 17:16:54.639399",,98,3258
1177,"2024-08-05 17:17:04.953013",,29,788
1178,"2024-08-05 17:17:14.864587",,68,2148
1179,"2024-08-05 17:17:22.244253",,75,2290
1180,"2024-08-05 17:17:46.141104",,101,3327
1181,"2024-08-05 17:18:08.836331",,71,2245
1182,"2024-08-05 17:18:12.645813",,89,2919
1183,"2024-08-05 17:18:56.974680",,67,1996
1184,"2024-08-05 17:19:09.095298",,104,3441
1185,"2024-08-05 17:19:09.354389",,80,2584
1186,"2024-08-05 17:19:27.655858",,101,3363
1187,"2024-08-05 17:20:17.343352",,104,3399
1188,"2024-08-05 17:20:40.746327",,44,1301
1189,"2024-08-05 17:20:52.536917",,41,1190
1190,"2024-08-05 17:20:57.489061",,47,1333
1191,"2024-08-05 17:21:07.225344",,36,971
1192,"2024-08-05 17:21:34.625760",,95,3082
1193,"2024-08-05 17:21:38.449384",,83,2675
1194,"2024-08-05 17:22:01.830776",,78,2467
1195,"2024-08-05 17:22:27.950256",,23,558
1196,"2024-08-05 17:22:46.845391",,90,2852
1197,"2024-08-05 17:23:22.246646",,92,2954
1198,"2024-08-05 17:23:25.341016",,68,2080
1199,"2024-08-05 17:23:42.778515",,107,3502
1200,"2024-08-05 17:23:46.546106",,83,2697
1201,"2024-08-05 17:23:47.155423",,68,2090
1202,"2024-08-05 17:24:45.008690",,81,2493
1204,"2024-08-05 17:25:04.472082",,105,3431
1205,"2024-08-05 17:25:36.296519",,23,577
1206,"2024-08-05 17:25:37.602409",,95,3061
1207,"2024-08-05 17:25:43.693365",,59,1784
1208,"2024-08-05 17:26:25.028842",,98,3229
1209,"2024-08-05 17:27:44.833202",,23,543
1210,"2024-08-05 17:27:58.673110",,20,371
1211,"2024-08-05 17:28:00.568966",,63,1896
1212,"2024-08-05 17:28:11.415523",,26,655
1213,"2024-08-05 17:28:28.940409",,62,1943
1214,"2024-08-05 17:28:32.730861",,35,976
1215,"2024-08-05 17:28:54.073060",,65,1970
1216,"2024-08-05 17:28:55.168878",,84,2628
1217,"2024-08-05 17:29:08.529916",,23,492
1218,"2024-08-05 17:29:59.196422",,77,2434
1219,"2024-08-05 17:30:04.261705",,83,2698
1220,"2024-08-05 17:30:22.154285",,53,1570
1221,"2024-08-05 17:31:24.352671",,107,3562
1222,"2024-08-05 17:32:05.031191",,20,429
1223,"2024-08-05 17:32:07.714322",,59,1762
1224,"2024-08-05 17:32:27.497716",,23,486
1225,"2024-08-05 17:32:47.084423",,101,3364
1226,"2024-08-05 17:33:01.445759",,75,2368
1227,"2024-08-05 17:33:28.470114",,38,1101
1228,"2024-08-05 17:33:58.832768",,32,833
1229,"2024-08-05 17:34:12.457991",,29,712
1230,"2024-08-05 17:34:25.060237",,62,1839
1231,"2024-08-05 17:35:01.018526",,66,1999
1232,"2024-08-05 17:35:16.508717",,50,1521
1233,"2024-08-05 17:35:47.606058",,87,2805
1234,"2024-08-05 17:35:54.827135",,89,2858
1235,"2024-08-05 17:36:25.824388",,26,628
1236,"2024-08-05 17:37:14.645052",,70,2101
1237,"2024-08-05 17:37:32.501643",,40,1065
1238,"2024-08-05 17:38:05.085922",,44,1316
1239,"2024-08-05 17:38:06.424268",,93,3004
1240,"2024-08-05 17:38:11.612910",,89,2923
1241,"2024-08-05 17:38:13.109132",,32,898
1242,"2024-08-05 17:38:14.201829",,83,2622
1243,"2024-08-05 17:38:16.404344",,108,3505
1244,"2024-08-05 17:38:48.802165",,80,2540
1245,"2024-08-05 17:39:08.813401",,33,815
1246,"2024-08-05 17:39:36.997202",,26,660
1247,"2024-08-05 17:39:39.606417",,56,1621
1248,"2024-08-05 17:40:19.508285",,80,2542
1249,"2024-08-05 17:40:49.431853",,101,3348
1250,"2024-08-05 17:41:01.549604",,23,548
1251,"2024-08-05 17:41:05.217322",,68,2100
1252,"2024-08-05 17:41:05.834640",,83,2657
1253,"2024-08-05 17:41:29.948999",,38,1073
1254,"2024-08-05 17:41:30.763923",,23,533
1255,"2024-08-05 17:41:47.778619",,62,1852
1256,"2024-08-05 17:41:52.581947",,35,967
1257,"2024-08-05 17:41:56.534183",,89,2872
1258,"2024-08-05 17:43:40.880698",,95,3128
1259,"2024-08-05 17:43:46.769227",,68,2134
1260,"2024-08-05 17:44:11.557819",,65,2056
1261,"2024-08-05 17:44:18.909668",,62,1935
1262,"2024-08-05 17:44:21.617526",,53,1555
1263,"2024-08-05 17:44:36.977879",,83,2620
1264,"2024-08-05 17:44:40.181529",,50,1468
1265,"2024-08-05 17:44:47.185080",,53,1575
1266,"2024-08-05 17:45:13.332576",,32,906
1267,"2024-08-05 17:45:15.261818",,95,3137
1268,"2024-08-05 17:45:55.261041",,72,2207
1269,"2024-08-05 17:46:16.326785",,95,3091
1270,"2024-08-05 17:46:34.520656",,50,1499
1271,"2024-08-05 17:46:46.804426",,80,2546
1272,"2024-08-05 17:46:54.296332",,59,1813
1273,"2024-08-05 17:47:05.660437",,84,2662
1274,"2024-08-05 17:47:17.981562",,80,2599
1275,"2024-08-05 17:47:34.520689",,62,1919
1276,"2024-08-05 17:47:47.842842",,20,368
1277,"2024-08-05 17:48:09.520940",,104,3377
1278,"2024-08-05 17:48:19.345750",,20,402
1279,"2024-08-05 17:49:30.247894",,66,2045
1280,"2024-08-05 17:50:18.080324",,41,1174
1281,"2024-08-05 17:50:57.524461",,48,1332
1282,"2024-08-05 17:51:09.828832",,89,2826
1283,"2024-08-05 17:51:22.842824",,47,1360
1284,"2024-08-05 17:51:26.100620",,61,1802
1285,"2024-08-05 17:53:12.678586",,50,1492
1286,"2024-08-05 17:53:14.949839",,89,2834
1287,"2024-08-05 17:53:18.157158",,92,2993
1288,"2024-08-05 17:53:37.036926",,86,2761
1289,"2024-08-05 17:53:47.918020",,108,3495
1290,"2024-08-05 17:54:02.571865",,77,2419
1291,"2024-08-05 17:54:04.622884",,23,572
1292,"2024-08-05 17:54:07.550322",,23,568
1293,"2024-08-05 17:54:13.028101",,98,3158
1294,"2024-08-05 17:54:21.740751",,26,623
1295,"2024-08-05 17:54:31.606167",,63,1915
1296,"2024-08-05 17:55:01.127410",,80,2545
1297,"2024-08-05 17:55:13.293858",,32,832
1298,"2024-08-05 17:56:27.358893",,104,3395
1299,"2024-08-05 17:56:35.431475",,35,1011
1300,"2024-08-05 17:57:09.873254",,35,921
1301,"2024-08-05 17:57:17.679159",,87,2718
1302,"2024-08-05 17:57:37.545817",,83,2689
1303,"2024-08-05 17:58:15.673317",,41,1189
1304,"2024-08-05 17:58:36.021273",,32,889
1305,"2024-08-05 17:59:04.190526",,89,2920
1306,"2024-08-05 17:59:20.805018",,59,1785
1307,"2024-08-05 17:59:47.902462",,96,3151
1308,"2024-08-05 17:59:55.291370",,62,1916
1309,"2024-08-05 18:00:54.923870",,44,1311
1310,"2024-08-05 18:01:12.610348",,25,532
1311,"2024-08-05 18:01:12.651204",,41,1187
1312,"2024-08-05 18:01:30.143293",,59,1808
1313,"2024-08-05 18:01:47.474698",,44,1273
1314,"2024-08-05 18:02:16.062260",,96,3069
1315,"2024-08-05 18:02:29.285940",,47,1386
1316,"2024-08-05 18:02:39.904056",,108,3474
1317,"2024-08-05 18:02:44.562363",,35,953
1318,"2024-08-05 18:03:24.962132",,96,3045
1319,"2024-08-05 18:03:47.988521",,59,1735
1320,"2024-08-05 18:03:51.430154",,23,483
1321,"2024-08-05 18:04:01.705987",,23,536
1322,"2024-08-05 18:04:36.028677",,35,939
1323,"2024-08-05 18:04:45.835492",,62,1845
1324,"2024-08-05 18:05:35.482035",,108,3470
1325,"2024-08-05 18:06:16.566267",,81,2528
1326,"2024-08-05 18:06:25.376386",,78,2383
1327,"2024-08-05 18:07:00.837446",,44,1302
1328,"2024-08-05 18:07:54.729751",,47,1319
1329,"2024-08-05 18:08:21.145074",,92,2997
1330,"2024-08-05 18:08:33.273729",,53,1533
1331,"2024-08-05 18:09:04.194010",,89,2851
1332,"2024-08-05 18:09:11.777419",,68,2147
1333,"2024-08-05 18:09:39.398387",,23,547
1334,"2024-08-05 18:10:13.430262",,107,3518
1335,"2024-08-05 18:10:14.735756",,50,1479
1336,"2024-08-05 18:10:18.761163",,32,829
1337,"2024-08-05 18:11:09.226016",,53,1579
1338,"2024-08-05 18:11:11.808535",,38,1103
1339,"2024-08-05 18:11:43.917167",,95,3094
1340,"2024-08-05 18:12:51.796599",,56,1677
1341,"2024-08-05 18:13:34.305722",,86,2792
1342,"2024-08-05 18:13:48.581366",,32,830
1343,"2024-08-05 18:14:01.801086",,74,2314
1344,"2024-08-05 18:14:03.860765",,86,2733
1345,"2024-08-05 18:14:09.925599",,98,3200
1346,"2024-08-05 18:14:35.917346",,92,3029
1347,"2024-08-05 18:14:57.393044",,26,601
1348,"2024-08-05 18:15:09.637231",,95,3051
1349,"2024-08-05 18:15:26.586349",,89,2881
1350,"2024-08-05 18:15:54.425343",,56,1635
1351,"2024-08-05 18:16:33.426375",,69,2150
1352,"2024-08-05 18:17:06.824269",,33,838
1353,"2024-08-05 18:17:35.377363",,96,3075
1354,"2024-08-05 18:17:45.738073",,20,381
1355,"2024-08-05 18:18:11.473967",,62,1861
1356,"2024-08-05 18:18:57.008904",,59,1759
1357,"2024-08-05 18:19:06.532114",,107,3526
1358,"2024-08-05 18:19:50.146751",,53,1574
1359,"2024-08-05 18:20:25.225127",,29,734
1360,"2024-08-05 18:20:26.369757",,59,1782
1361,"2024-08-05 18:20:29.926033",,59,1724
1362,"2024-08-05 18:20:38.688724",,50,1495
1363,"2024-08-05 18:21:13.613639",,105,3437
1364,"2024-08-05 18:21:28.329448",,51,1454
1365,"2024-08-05 18:21:41.082802",,98,3191
1366,"2024-08-05 18:22:17.819617",,107,3497
1367,"2024-08-05 18:23:20.595400",,32,869
1368,"2024-08-05 18:23:21.548688",,29,705
1369,"2024-08-05 18:23:24.781231",,35,938
1370,"2024-08-05 18:23:30.074591",,96,3102
1371,"2024-08-05 18:23:39.997456",,28,599
1372,"2024-08-05 18:24:07.393589",,100,3235
1373,"2024-08-05 18:24:11.660197",,80,2517
1374,"2024-08-05 18:24:29.396400",,69,2067
1375,"2024-08-05 18:25:02.156721",,77,2462
1376,"2024-08-05 18:25:05.384591",,32,902
1377,"2024-08-05 18:25:09.539787",,57,1712
1378,"2024-08-05 18:25:48.860430",,65,1993
1379,"2024-08-05 18:26:38.173289",,87,2781
1380,"2024-08-05 18:26:45.526709",,74,2335
1381,"2024-08-05 18:27:04.578073",,32,801
1382,"2024-08-05 18:27:05.866096",,59,1788
1383,"2024-08-05 18:27:14.104422",,29,742
1384,"2024-08-05 18:28:00.946191",,104,3390
1385,"2024-08-05 18:28:23.500533",,75,2333
1386,"2024-08-05 18:28:54.357998",,50,1514
1387,"2024-08-05 18:29:30.440729",,65,2003
1388,"2024-08-05 18:29:55.221608",,53,1539
1389,"2024-08-05 18:30:08.059515",,104,3443
1390,"2024-08-05 18:31:20.401207",,35,1003
1391,"2024-08-05 18:32:10.792734",,64,1926
1392,"2024-08-05 18:32:13.548698",,84,2688
1393,"2024-08-05 18:34:05.398061",,68,2068
1394,"2024-08-05 18:34:17.069275",,71,2228
1395,"2024-08-05 18:34:55.350054",,68,2130
1396,"2024-08-05 18:35:39.284468",,50,1496
1397,"2024-08-05 18:36:17.965573",,92,3016
1398,"2024-08-05 18:36:31.951214",,105,3449
1399,"2024-08-05 18:36:47.201405",,65,1962
1400,"2024-08-05 18:37:36.029388",,20,415
1401,"2024-08-05 18:37:43.650778",,93,2977
1402,"2024-08-05 18:37:59.537259",,59,1739
1403,"2024-08-05 18:38:09.040932",,86,2763
1404,"2024-08-05 18:38:23.281058",,59,1741
1405,"2024-08-05 18:38:36.563186",,72,2174
1406,"2024-08-05 18:39:55.418794",,95,3062
1407,"2024-08-05 18:41:14.681129",,38,1095
1408,"2024-08-05 18:41:57.944656",,95,3138
1409,"2024-08-05 18:42:17.711139",,81,2553
1410,"2024-08-05 18:42:20.303966",,98,3226
1411,"2024-08-05 18:43:04.337434",,104,3464
1412,"2024-08-05 18:43:13.892297",,107,3490
1413,"2024-08-05 18:43:20.358296",,69,2111
1414,"2024-08-05 18:43:39.881537",,101,3333
1415,"2024-08-05 18:44:11.717911",,41,1159
1416,"2024-08-05 18:44:32.742194",,35,948
1417,"2024-08-05 18:45:16.979817",,84,2639
1418,"2024-08-05 18:45:22.353965",,69,2138
1419,"2024-08-05 18:45:49.300112",,62,1923
1420,"2024-08-05 18:45:56.074753",,59,1761
1421,"2024-08-05 18:46:00.815712",,29,698
1422,"2024-08-05 18:46:12.914181",,79,2443
1423,"2024-08-05 18:46:21.377910",,90,2917
1424,"2024-08-05 18:46:31.029977",,86,2795
1425,"2024-08-05 18:46:33.956777",,93,2968
1426,"2024-08-05 18:47:02.155151",,32,844
1427,"2024-08-05 18:47:20.905270",,38,1081
1428,"2024-08-05 18:47:37.021766",,56,1644
1429,"2024-08-05 18:48:07.087443",,24,500
1430,"2024-08-05 18:48:15.466129",,107,3556
1431,"2024-08-05 18:48:35.462092",,33,823
1432,"2024-08-05 18:48:39.004583",,44,1226
1433,"2024-08-05 18:48:59.391034",,77,2392
1434,"2024-08-05 18:49:01.378196",,20,449
1435,"2024-08-05 18:49:50.266222",,77,2429
1436,"2024-08-05 18:49:57.606672",,34,827
1437,"2024-08-05 18:51:23.152174",,102,3352
1438,"2024-08-05 18:51:42.808551",,100,3163
1439,"2024-08-05 18:51:52.088176",,87,2767
1440,"2024-08-05 18:52:51.866340",,62,1867
1441,"2024-08-05 18:52:59.800991",,50,1485
1442,"2024-08-05 18:53:12.854149",,41,1148
1443,"2024-08-05 18:53:36.080598",,29,717
1444,"2024-08-05 18:54:00.214191",,32,873
1445,"2024-08-05 18:54:29.389340",,53,1561
1446,"2024-08-05 18:55:28.736206",,44,1210
1447,"2024-08-05 18:55:40.031857",,65,2035
1448,"2024-08-05 18:56:34.081322",,89,2907
1449,"2024-08-05 18:56:38.502710",,104,3385
1450,"2024-08-05 18:57:24.236990",,38,1100
1452,"2024-08-05 18:57:49.448079",,53,1535
1453,"2024-08-05 18:59:14.690644",,71,2240
1454,"2024-08-05 18:59:59.929214",,44,1271
1455,"2024-08-05 19:00:37.272507",,47,1411
1456,"2024-08-05 19:01:30.350731",,89,2871
1457,"2024-08-05 19:01:33.026979",,20,468
1458,"2024-08-05 19:02:22.467332",,30,768
1459,"2024-08-05 19:02:39.529955",,47,1339
1460,"2024-08-05 19:03:16.530428",,102,3303
1461,"2024-08-05 19:03:39.975306",,35,934
1462,"2024-08-05 19:03:59.873702",,98,3199
1463,"2024-08-05 19:04:06.498800",,86,2802
1464,"2024-08-05 19:05:31.294392",,44,1214
1465,"2024-08-05 19:06:05.647884",,53,1595
1466,"2024-08-05 19:06:59.439287",,70,2155
1467,"2024-08-05 19:07:44.247297",,105,3391
1468,"2024-08-05 19:08:27.937979",,78,2451
1469,"2024-08-05 19:10:33.029354",,27,665
1470,"2024-08-05 19:10:55.071788",,27,635
1471,"2024-08-05 19:11:44.572948",,62,1921
1472,"2024-08-05 19:13:13.734511",,68,2084
1473,"2024-08-05 19:13:20.138459",,77,2395
1474,"2024-08-05 19:13:56.084814",,80,2497
1475,"2024-08-05 19:14:05.030344",,35,915
1476,"2024-08-05 19:15:02.668661",,71,2204
1477,"2024-08-05 19:15:20.030011",,93,2971
1478,"2024-08-05 19:15:33.194148",,38,1086
1479,"2024-08-05 19:15:59.236847",,53,1584
1480,"2024-08-05 19:16:01.963867",,92,2951
1481,"2024-08-05 19:16:31.292655",,29,751
1482,"2024-08-05 19:17:10.732741",,50,1448
1483,"2024-08-05 19:18:56.830657",,56,1638
1484,"2024-08-05 19:19:52.245467",,93,2975
1485,"2024-08-05 19:20:39.890018",,62,1853
1486,"2024-08-05 19:21:12.082113",,23,489
1487,"2024-08-05 19:22:41.656812",,29,781
1488,"2024-08-05 19:23:23.016501",,23,534
1489,"2024-08-05 19:23:31.397653",,108,3510
1490,"2024-08-05 19:24:11.343395",,78,2487
1491,"2024-08-05 19:27:30.170804",,20,375
1492,"2024-08-05 19:27:37.941846",,104,3424
1493,"2024-08-05 19:28:50.383867",,59,1778
1494,"2024-08-05 19:30:22.089878",,29,784
1495,"2024-08-05 19:31:19.119979",,93,2976
1496,"2024-08-05 19:31:51.948362",,56,1629
1497,"2024-08-05 19:32:29.229222",,29,750
1498,"2024-08-05 19:34:37.193488",,107,3548
1499,"2024-08-05 19:36:18.334047",,41,1201
1500,"2024-08-05 19:36:34.432082",,32,849
1501,"2024-08-05 19:36:46.814685",,68,2108
1502,"2024-08-05 19:36:54.664472",,62,1846
1503,"2024-08-05 19:37:39.125405",,77,2397
1504,"2024-08-05 19:37:56.466364",,98,3182
1505,"2024-08-05 19:38:04.525043",,23,494
1506,"2024-08-05 19:38:18.336412",,84,2614
1507,"2024-08-05 19:38:23.775244",,47,1327
1508,"2024-08-05 19:38:26.734551",,47,1364
1509,"2024-08-05 19:38:35.576943",,57,1708
1510,"2024-08-05 19:38:54.314112",,53,1534
1511,"2024-08-05 19:40:04.009749",,32,876
1512,"2024-08-05 19:40:47.717994",,54,1554
1513,"2024-08-05 19:40:48.349682",,41,1181
1514,"2024-08-05 19:41:18.708395",,23,522
1515,"2024-08-05 19:41:31.136403",,77,2378
1516,"2024-08-05 19:42:17.808380",,68,2163
1517,"2024-08-05 19:42:17.949430",,59,1790
1518,"2024-08-05 19:42:31.251953",,50,1504
1519,"2024-08-05 19:42:35.280119",,101,3273
1520,"2024-08-05 19:42:36.798297",,41,1183
1521,"2024-08-05 19:42:47.675221",,83,2684
1522,"2024-08-05 19:42:53.211981",,47,1377
1523,"2024-08-05 19:43:01.116528",,68,2157
1524,"2024-08-05 19:44:13.150212",,90,2830
1526,"2024-08-05 19:44:44.805154",,35,912
1527,"2024-08-05 19:45:28.431925",,92,2984
1528,"2024-08-05 19:45:46.145288",,20,386
1529,"2024-08-05 19:46:19.990276",,89,2890
1530,"2024-08-05 19:47:36.893930",,71,2199
1531,"2024-08-05 19:47:43.018287",,86,2789
1532,"2024-08-05 19:47:56.220821",,89,2847
1533,"2024-08-05 19:48:03.855095",,29,746
1534,"2024-08-05 19:48:16.081197",,47,1366
1535,"2024-08-05 19:49:06.831167",,59,1796
1536,"2024-08-05 19:49:07.595680",,66,2022
1537,"2024-08-05 19:50:26.875973",,74,2360
1538,"2024-08-05 19:51:06.092032",,56,1661
1539,"2024-08-05 19:51:39.283188",,102,3272
1540,"2024-08-05 19:51:44.799179",,77,2423
1541,"2024-08-05 19:51:47.478819",,20,374
1542,"2024-08-05 19:51:54.315585",,68,2061
1543,"2024-08-05 19:52:34.601300",,50,1443
1544,"2024-08-05 19:56:06.500596",,108,3500
1545,"2024-08-05 19:56:21.218965",,107,3498
1546,"2024-08-05 19:56:58.141013",,62,1876
1547,"2024-08-05 19:57:40.432487",,83,2674
1548,"2024-08-05 19:57:55.470399",,83,2633
1549,"2024-08-05 19:58:12.177851",,66,1991
1550,"2024-08-05 19:58:29.888537",,74,2321
1551,"2024-08-05 19:59:01.522979",,57,1660
1552,"2024-08-05 19:59:24.251040",,53,1549
1553,"2024-08-05 20:04:54.874738",,41,1131
1554,"2024-08-05 20:05:28.533284",,26,670
1555,"2024-08-05 20:06:00.013920",,86,2782
1556,"2024-08-05 20:06:02.292409",,44,1272
1557,"2024-08-05 20:07:11.084887",,87,2732
1558,"2024-08-05 20:07:25.956418",,41,1128
1559,"2024-08-05 20:07:50.203676",,33,808
1560,"2024-08-05 20:08:01.319757",,65,2037
1561,"2024-08-05 20:08:28.855943",,69,2086
1562,"2024-08-05 20:09:50.206120",,89,2839
1563,"2024-08-05 20:10:13.358111",,59,1756
1564,"2024-08-05 20:10:22.708399",,95,3134
1565,"2024-08-05 20:10:56.472875",,98,3219
1566,"2024-08-05 20:11:25.749031",,62,1941
1567,"2024-08-05 20:11:41.462099",,59,1760
1568,"2024-08-05 20:12:17.045958",,23,555
1569,"2024-08-05 20:17:00.953355",,102,3275
1570,"2024-08-05 20:17:39.260216",,66,1968
1571,"2024-08-05 20:18:26.638380",,86,2796
1572,"2024-08-05 20:19:37.369364",,102,3267
1573,"2024-08-05 20:19:40.708543",,25,517
1574,"2024-08-05 20:20:15.246788",,78,2393
1575,"2024-08-05 20:21:19.979933",,65,2014
1576,"2024-08-05 20:21:46.044245",,71,2233
1577,"2024-08-05 20:22:01.032692",,56,1659
1578,"2024-08-05 20:22:48.709005",,96,3133
1579,"2024-08-05 20:24:21.826803",,68,2075
1580,"2024-08-05 20:24:57.238387",,92,2983
1581,"2024-08-05 20:26:00.156367",,86,2746
1582,"2024-08-05 20:26:39.658204",,80,2561
1583,"2024-08-05 20:28:00.701672",,72,2232
1584,"2024-08-05 20:28:36.592511",,92,2950
1585,"2024-08-05 20:29:01.357651",,71,2257
1586,"2024-08-05 20:30:13.908904",,23,552
1587,"2024-08-05 20:32:42.804258",,26,600
1588,"2024-08-05 20:33:53.764289",,53,1585
1589,"2024-08-05 20:34:38.550977",,50,1528
1590,"2024-08-05 20:34:40.392801",,78,2444
1591,"2024-08-05 20:36:43.991132",,62,1858
1592,"2024-08-05 20:36:48.590032",,50,1532
1593,"2024-08-05 20:37:32.277830",,83,2708
1594,"2024-08-05 20:37:49.730922",,92,3035
1595,"2024-08-05 20:38:33.212776",,29,715
1596,"2024-08-05 20:38:44.131318",,86,2778
1597,"2024-08-05 20:41:38.474067",,78,2398
1598,"2024-08-05 20:43:10.758033",,68,2087
1599,"2024-08-05 20:43:53.550032",,44,1229
1600,"2024-08-05 20:46:29.449826",,29,772
1601,"2024-08-05 20:47:00.634379",,90,2897
1602,"2024-08-05 20:50:32.970394",,104,3457
1603,"2024-08-05 20:52:54.977205",,35,951
1604,"2024-08-05 20:55:10.406211",,47,1420
1605,"2024-08-05 20:55:39.928710",,29,708
1606,"2024-08-05 20:55:44.078479",,35,974
1607,"2024-08-05 20:55:47.388752",,56,1636
1608,"2024-08-05 20:56:02.985513",,29,690
1609,"2024-08-05 20:58:00.236411",,36,1007
1610,"2024-08-05 20:58:48.283937",,98,3231
1611,"2024-08-05 20:59:15.546244",,89,2835
1612,"2024-08-05 20:59:45.973411",,107,3511
1613,"2024-08-05 21:00:49.168179",,26,610
1614,"2024-08-05 21:01:50.921714",,65,2018
1615,"2024-08-05 21:02:24.710242",,35,925
1616,"2024-08-05 21:04:22.470641",,50,1494
1617,"2024-08-05 21:04:46.131891",,29,787
1618,"2024-08-05 21:05:00.111432",,87,2745
1619,"2024-08-05 21:05:04.242031",,29,694
1620,"2024-08-05 21:05:28.568071",,80,2511
1621,"2024-08-05 21:08:27.518964",,20,393
1622,"2024-08-05 21:08:47.678515",,92,2970
1623,"2024-08-05 21:10:10.360056",,72,2259
1624,"2024-08-05 21:10:48.752732",,56,1640
1625,"2024-08-05 21:14:18.950046",,86,2741
1626,"2024-08-05 21:14:19.978029",,81,2590
1627,"2024-08-05 21:15:19.797741",,86,2740
1628,"2024-08-05 21:15:36.684578",,32,871
1629,"2024-08-05 21:16:20.263710",,69,2093
1630,"2024-08-05 21:20:34.878149",,47,1321
1631,"2024-08-05 21:21:02.788881",,92,2999
1632,"2024-08-05 21:22:31.192931",,102,3266
1633,"2024-08-05 21:27:23.875187",,81,2513
1634,"2024-08-05 21:28:03.396472",,26,674
1635,"2024-08-05 21:28:36.540608",,68,2139
1636,"2024-08-05 21:29:21.239711",,101,3360
1637,"2024-08-05 21:29:58.724933",,92,2994
1638,"2024-08-05 21:30:55.188748",,102,3357
1639,"2024-08-05 21:31:09.093828",,98,3203
1640,"2024-08-05 21:31:18.024912",,78,2375
1641,"2024-08-05 21:33:38.074905",,56,1692
1642,"2024-08-05 21:34:19.837680",,44,1263
1643,"2024-08-05 21:36:03.629148",,38,1054
1644,"2024-08-05 21:37:55.791952",,108,3553
1645,"2024-08-05 21:39:31.677941",,38,1043
1646,"2024-08-05 21:40:18.504153",,102,3302
1647,"2024-08-05 21:40:58.281921",,92,3034
1648,"2024-08-05 21:42:49.184911",,86,2769
1649,"2024-08-05 21:43:48.002414",,101,3301
1650,"2024-08-05 21:47:08.714603",,71,2265
1651,"2024-08-05 21:54:30.028932",,29,740
1652,"2024-08-05 21:55:08.298241",,30,757
1653,"2024-08-05 21:58:02.235637",,47,1369
1654,"2024-08-05 21:58:50.316774",,75,2365
1655,"2024-08-05 22:02:58.087259",,38,1080
1656,"2024-08-05 22:03:14.645285",,37,944
1657,"2024-08-05 22:17:36.729268",,93,3028
1658,"2024-08-05 22:30:17.343454",,67,2031
1659,"2024-08-05 22:33:50.739706",,107,3484
1660,"2024-08-05 22:36:17.203365",,56,1694
1661,"2024-08-05 22:36:24.058463",,104,3387
1662,"2024-08-05 22:46:25.376736",,95,3053
1663,"2024-08-05 22:51:06.626153",,89,2823
1664,"2024-08-05 22:54:41.320442",,92,2986
1665,"2024-08-05 23:08:15.061414",,41,1126
1666,"2024-08-05 23:16:33.009912",,62,1924
1667,"2024-08-05 23:17:37.961432",,68,2118
1668,"2024-08-05 23:23:01.642849",,55,1604
1669,"2024-08-05 23:36:58.420468",,32,884
1670,"2024-08-05 23:42:21.039717",,89,2899
1671,"2024-08-05 23:43:24.146428",,92,2941
1672,"2024-08-05 23:44:33.461639",,87,2713
1673,"2024-08-06 00:04:18.889030",,92,2956
1674,"2024-08-06 00:10:30.364135",,108,3483
1675,"2024-08-06 00:17:02.788425",,67,1975
1676,"2024-08-06 00:21:58.032375",,32,841
1677,"2024-08-06 00:32:40.240033",,50,1447
1678,"2024-08-06 00:33:27.306017",,78,2483
1679,"2024-08-06 00:38:40.253830",,78,2450
1680,"2024-08-06 01:20:00.281812",,53,1571
1681,"2024-08-06 01:43:54.746043",,74,2363
1682,"2024-08-06 01:55:52.666085",,29,719
1683,"2024-08-06 02:00:44.947102",,35,964
1684,"2024-08-06 02:28:26.141558",,104,3429
1685,"2024-08-06 02:38:58.408675",,32,860
1686,"2024-08-06 02:41:07.122443",,86,2787
1687,"2024-08-06 02:51:09.095214",,47,1346
1688,"2024-08-06 02:52:56.704233",,65,2042
1689,"2024-08-06 02:58:51.968396",,41,1155
1690,"2024-08-06 03:06:09.226493",,92,3039
1691,"2024-08-06 03:14:39.367096",,101,3342
1692,"2024-08-06 03:15:15.818324",,98,3247
1693,"2024-08-06 03:31:48.924190",,36,970
1694,"2024-08-06 03:34:13.757947",,101,3317
1695,"2024-08-06 03:36:06.536715",,35,931
1696,"2024-08-06 03:36:46.784192",,72,2211
1697,"2024-08-06 03:38:36.430131",,81,2514
1698,"2024-08-06 03:44:51.518825",,77,2427
1699,"2024-08-06 03:53:47.141465",,23,573
1700,"2024-08-06 03:54:47.568991",,25,496
1701,"2024-08-06 03:56:16.821461",,41,1173
1702,"2024-08-06 03:56:17.371878",,38,1040
1703,"2024-08-06 04:10:10.728314",,62,1837
1704,"2024-08-06 04:16:40.829704",,27,685
1705,"2024-08-06 04:17:27.185673",,86,2755
1706,"2024-08-06 04:17:43.537582",,101,3315
1707,"2024-08-06 04:21:25.594220",,92,2931
1708,"2024-08-06 04:22:26.654222",,99,3201
1709,"2024-08-06 04:22:51.470012",,53,1583
1710,"2024-08-06 04:27:51.906803",,102,3341
1711,"2024-08-06 04:33:23.037710",,105,3422
1712,"2024-08-06 04:34:38.953335",,92,2939
1713,"2024-08-06 04:35:31.164121",,107,3555
1714,"2024-08-06 04:37:21.920513",,29,699
1715,"2024-08-06 04:38:03.169257",,32,842
1716,"2024-08-06 04:39:54.477945",,26,656
1717,"2024-08-06 04:40:51.685022",,97,3058
1718,"2024-08-06 04:43:48.269866",,38,1050
1719,"2024-08-06 04:44:50.985711",,35,997
1720,"2024-08-06 04:46:18.846478",,97,3106
1721,"2024-08-06 04:48:23.673520",,53,1544
1722,"2024-08-06 04:48:54.892817",,83,2644
1723,"2024-08-06 04:51:42.063932",,71,2244
1724,"2024-08-06 04:59:25.842337",,50,1430
1725,"2024-08-06 05:04:33.180318",,23,550
1726,"2024-08-06 05:08:47.486893",,68,2096
1727,"2024-08-06 05:09:16.689358",,46,1223
1728,"2024-08-06 05:12:36.738614",,47,1361
1729,"2024-08-06 05:14:01.996981",,44,1217
1730,"2024-08-06 05:14:25.176498",,98,3204
1731,"2024-08-06 05:15:06.327994",,66,2032
1732,"2024-08-06 05:23:44.136341",,35,945
1733,"2024-08-06 05:24:18.842891",,80,2502
1734,"2024-08-06 05:25:04.775013",,61,1747
1735,"2024-08-06 05:25:10.826970",,80,2570
1736,"2024-08-06 05:27:31.083349",,33,826
1737,"2024-08-06 05:32:11.493803",,41,1133
1738,"2024-08-06 05:37:48.637387",,95,3108
1739,"2024-08-06 05:40:56.522110",,53,1543
1740,"2024-08-06 05:44:46.777238",,92,3033
1741,"2024-08-06 05:46:28.399828",,92,2927
1742,"2024-08-06 05:49:14.073895",,77,2436
1743,"2024-08-06 05:51:38.802287",,62,1899
1744,"2024-08-06 05:52:37.752486",,78,2442
1745,"2024-08-06 05:55:20.671717",,42,1166
1746,"2024-08-06 05:59:41.845826",,29,733
1747,"2024-08-06 06:01:09.809987",,101,3283
1748,"2024-08-06 06:03:31.861405",,107,3554
1749,"2024-08-06 06:04:50.843428",,89,2913
1750,"2024-08-06 06:06:41.349871",,56,1671
1751,"2024-08-06 06:09:46.751517",,73,2172
1752,"2024-08-06 06:10:10.914084",,87,2785
1753,"2024-08-06 06:10:38.630767",,29,727
1754,"2024-08-06 06:13:23.662487",,101,3313
1755,"2024-08-06 06:15:26.619428",,24,490
1756,"2024-08-06 06:15:45.149936",,90,2882
1757,"2024-08-06 06:17:58.629743",,35,1004
1758,"2024-08-06 06:19:32.541988",,80,2580
1759,"2024-08-06 06:22:31.511143",,29,792
1760,"2024-08-06 06:26:23.962390",,89,2918
1761,"2024-08-06 06:27:13.752620",,32,868
1762,"2024-08-06 06:28:59.713800",,87,2754
1763,"2024-08-06 06:32:26.378427",,78,2484
1764,"2024-08-06 06:34:02.332667",,62,1833
1765,"2024-08-06 06:34:26.884908",,62,1884
1766,"2024-08-06 06:36:51.705340",,83,2629
1767,"2024-08-06 06:38:36.265350",,87,2780
1768,"2024-08-06 06:38:44.541879",,35,930
1769,"2024-08-06 06:39:38.181576",,20,455
1770,"2024-08-06 06:40:27.621829",,62,1859
1771,"2024-08-06 06:41:48.613446",,77,2460
1772,"2024-08-06 06:43:39.189596",,29,722
1773,"2024-08-06 06:44:47.532865",,47,1417
1774,"2024-08-06 06:45:01.793684",,65,1986
1775,"2024-08-06 06:45:33.530264",,50,1524
1776,"2024-08-06 06:48:41.605003",,38,1056
1777,"2024-08-06 06:49:09.315117",,59,1754
1778,"2024-08-06 06:52:48.810366",,83,2649
1779,"2024-08-06 06:56:30.097573",,41,1192
1780,"2024-08-06 06:56:32.085405",,23,484
1781,"2024-08-06 06:56:52.766576",,32,834
1782,"2024-08-06 06:57:32.690383",,74,2301
1783,"2024-08-06 06:57:42.018289",,80,2547
1784,"2024-08-06 06:58:37.795984",,26,614
1785,"2024-08-06 07:01:39.598243",,44,1294
1786,"2024-08-06 07:03:27.708187",,101,3307
1787,"2024-08-06 07:03:31.886665",,105,3397
1788,"2024-08-06 07:05:48.075910",,73,2176
1789,"2024-08-06 07:07:14.914419",,20,388
1790,"2024-08-06 07:08:12.178689",,47,1403
1791,"2024-08-06 07:09:09.394963",,104,3452
1792,"2024-08-06 07:09:45.862104",,77,2455
1793,"2024-08-06 07:09:56.791738",,40,1030
1794,"2024-08-06 07:10:33.399683",,102,3288
1795,"2024-08-06 07:12:08.824196",,62,1835
1796,"2024-08-06 07:12:32.764687",,56,1693
1797,"2024-08-06 07:14:51.581344",,104,3436
1799,"2024-08-06 07:16:01.104238",,53,1565
1800,"2024-08-06 07:17:10.904479",,32,797
1801,"2024-08-06 07:19:58.423202",,65,1981
1802,"2024-08-06 07:20:30.705223",,98,3180
1803,"2024-08-06 07:21:58.837720",,68,2109
1804,"2024-08-06 07:23:01.735610",,99,3161
1805,"2024-08-06 07:25:11.009458",,61,1779
1806,"2024-08-06 07:27:26.050639",,32,895
1807,"2024-08-06 07:27:47.819291",,20,397
1808,"2024-08-06 07:31:31.445349",,107,3508
1809,"2024-08-06 07:32:18.448178",,35,1001
1810,"2024-08-06 07:33:02.741692",,59,1757
1811,"2024-08-06 07:35:14.360733",,74,2283
1812,"2024-08-06 07:35:32.373627",,72,2256
1813,"2024-08-06 07:37:15.558715",,59,1781
1814,"2024-08-06 07:38:20.300096",,108,3524
1815,"2024-08-06 07:39:02.598457",,83,2667
1816,"2024-08-06 07:42:30.502220",,47,1363
1817,"2024-08-06 07:42:50.193896",,23,471
1818,"2024-08-06 07:44:44.953747",,35,916
1819,"2024-08-06 07:44:45.049773",,61,1715
1820,"2024-08-06 07:45:40.280582",,68,2098
1821,"2024-08-06 07:46:04.810708",,63,1913
1822,"2024-08-06 07:46:21.748338",,86,2788
1823,"2024-08-06 07:46:46.456403",,71,2197
1824,"2024-08-06 07:47:42.258530",,20,438
1825,"2024-08-06 07:50:18.597151",,41,1169
1826,"2024-08-06 07:58:49.714641",,34,822
1827,"2024-08-06 08:04:01.621343",,26,661
1828,"2024-08-06 08:04:10.657919",,56,1633
1829,"2024-08-06 08:04:50.370129",,96,3132
1830,"2024-08-06 08:07:59.164364",,97,3064
1831,"2024-08-06 08:08:37.613388",,92,2936
1832,"2024-08-06 08:09:03.698378",,65,2049
1833,"2024-08-06 08:09:48.192916",,32,907
1834,"2024-08-06 08:13:22.696636",,98,3215
1835,"2024-08-06 08:13:34.817397",,89,2891
1836,"2024-08-06 08:15:38.971078",,53,1563
1837,"2024-08-06 08:17:08.637895",,86,2779
1838,"2024-08-06 08:18:11.762089",,102,3365
1839,"2024-08-06 08:18:14.577361",,68,2140
1840,"2024-08-06 08:21:56.612570",,104,3439
1841,"2024-08-06 08:22:26.664715",,66,1976
1842,"2024-08-06 08:23:42.366010",,32,839
1843,"2024-08-06 08:26:12.733686",,62,1831
1844,"2024-08-06 08:26:37.370234",,96,3072
1845,"2024-08-06 08:26:54.322490",,75,2299
1846,"2024-08-06 08:27:26.642714",,38,1060
1847,"2024-08-06 08:30:27.674381",,97,3070
1848,"2024-08-06 08:31:55.322963",,62,1927
1849,"2024-08-06 08:32:31.077319",,78,2432
1850,"2024-08-06 08:33:32.170263",,74,2294
1851,"2024-08-06 08:35:41.881648",,50,1432
1852,"2024-08-06 08:39:23.772967",,59,1716
1853,"2024-08-06 08:40:26.485276",,76,2310
1854,"2024-08-06 08:44:54.666236",,20,366
1855,"2024-08-06 08:45:55.661513",,75,2356
1856,"2024-08-06 08:46:14.806307",,71,2271
1857,"2024-08-06 08:46:51.286923",,50,1452
1858,"2024-08-06 08:47:02.254466",,20,454
1859,"2024-08-06 08:47:04.226088",,71,2180
1860,"2024-08-06 08:48:14.586757",,65,1959
1861,"2024-08-06 08:48:23.312855",,53,1546
1862,"2024-08-06 08:49:40.866837",,24,553
1863,"2024-08-06 08:51:35.727041",,26,595
1864,"2024-08-06 08:52:12.561951",,92,2948
1865,"2024-08-06 08:52:14.789813",,32,901
1866,"2024-08-06 08:54:11.130083",,44,1282
1867,"2024-08-06 08:55:07.323870",,63,1865
1868,"2024-08-06 08:59:02.850736",,23,556
1869,"2024-08-06 09:00:27.097768",,23,549
1870,"2024-08-06 09:03:31.322700",,36,999
1871,"2024-08-06 09:06:05.635942",,20,380
1872,"2024-08-06 09:06:35.592992",,59,1763
1873,"2024-08-06 09:08:50.576889",,38,1078
1874,"2024-08-06 09:09:05.415390",,83,2656
1875,"2024-08-06 09:11:16.434850",,92,3000
1876,"2024-08-06 09:11:25.458362",,84,2661
1877,"2024-08-06 09:13:05.360372",,83,2690
1878,"2024-08-06 09:16:59.041499",,71,2186
1879,"2024-08-06 09:20:36.034582",,35,914
1880,"2024-08-06 09:23:23.713977",,65,1978
1881,"2024-08-06 09:26:32.232123",,20,458
1882,"2024-08-06 09:29:29.864624",,29,747
1883,"2024-08-06 09:31:50.406323",,41,1165
1884,"2024-08-06 09:33:02.511843",,86,2809
1885,"2024-08-06 09:40:14.764547",,53,1566
1886,"2024-08-06 09:42:02.561714",,96,3127
1887,"2024-08-06 09:46:11.192290",,47,1324
1889,"2024-08-06 09:48:37.728633",,87,2751
1890,"2024-08-06 09:52:42.639056",,23,540
1891,"2024-08-06 09:56:59.797678",,45,1295
1892,"2024-08-06 09:58:00.213795",,39,1027
1893,"2024-08-06 09:58:20.901912",,59,1787
1894,"2024-08-06 10:00:52.737871",,96,3114
1895,"2024-08-06 10:01:03.263243",,104,3425
1896,"2024-08-06 10:04:45.006112",,56,1634
1897,"2024-08-06 10:05:09.064602",,86,2801
1898,"2024-08-06 10:06:24.338612",,38,1071
1899,"2024-08-06 10:09:38.708256",,66,1951
1900,"2024-08-06 10:14:10.814260",,66,2020
1901,"2024-08-06 10:15:13.978886",,87,2816
1902,"2024-08-06 10:16:00.757681",,105,3442
1903,"2024-08-06 10:18:00.696932",,20,396
1904,"2024-08-06 10:18:02.385511",,42,1185
1905,"2024-08-06 10:19:48.055248",,108,3571
1906,"2024-08-06 10:20:22.736445",,59,1734
1907,"2024-08-06 10:23:50.049870",,47,1323
1908,"2024-08-06 10:28:08.617799",,46,1313
1909,"2024-08-06 10:28:35.057914",,23,544
1910,"2024-08-06 10:30:06.057661",,38,1096
1911,"2024-08-06 10:30:33.564777",,78,2399
1912,"2024-08-06 10:31:58.661519",,83,2631
1913,"2024-08-06 10:36:49.331997",,59,1817
1914,"2024-08-06 10:37:12.013865",,44,1259
1915,"2024-08-06 10:37:58.198703",,23,493
1916,"2024-08-06 10:39:46.553116",,104,3411
1917,"2024-08-06 10:40:47.247911",,76,2351
1918,"2024-08-06 10:43:17.004360",,53,1581
1919,"2024-08-06 10:46:17.772173",,83,2604
1920,"2024-08-06 10:47:04.626375",,56,1637
1921,"2024-08-06 10:48:08.246576",,105,3415
1922,"2024-08-06 10:52:31.994952",,32,835
1923,"2024-08-06 11:03:05.924705",,62,1889
1924,"2024-08-06 11:04:34.329619",,29,692
1925,"2024-08-06 11:04:48.996555",,62,1918
1926,"2024-08-06 11:10:18.133003",,93,2949
1927,"2024-08-06 11:11:13.821260",,26,673
1928,"2024-08-06 11:15:55.144098",,107,3517
1929,"2024-08-06 11:16:23.396996",,56,1684
1930,"2024-08-06 11:19:31.928940",,84,2608
1931,"2024-08-06 11:21:25.404333",,68,2133
1932,"2024-08-06 11:23:44.289591",,35,969
1933,"2024-08-06 11:24:33.266303",,77,2405
1934,"2024-08-06 11:30:05.404662",,90,2906
1935,"2024-08-06 11:30:16.709705",,53,1556
1936,"2024-08-06 11:40:19.058383",,69,2063
1937,"2024-08-06 11:44:41.608859",,101,3316
1938,"2024-08-06 11:44:52.673620",,53,1617
1939,"2024-08-06 11:56:32.932133",,98,3245
1940,"2024-08-06 12:05:54.870742",,47,1422
1941,"2024-08-06 12:08:22.279946",,32,883
1942,"2024-08-06 12:11:05.201108",,26,636
1943,"2024-08-06 12:13:17.493143",,52,1486
1944,"2024-08-06 12:19:16.929611",,62,1851
1945,"2024-08-06 12:19:21.488765",,65,1966
1946,"2024-08-06 12:21:32.854483",,32,798
1947,"2024-08-06 12:25:13.017408",,38,1057
1948,"2024-08-06 12:37:51.150035",,74,2371
1949,"2024-08-06 12:49:25.307212",,101,3351
1951,"2024-08-06 12:55:48.267333",,101,3297
1952,"2024-08-06 12:57:36.378990",,56,1674
1953,"2024-08-06 13:01:18.178186",,90,2848
1954,"2024-08-06 13:02:50.587893",,101,3295
1955,"2024-08-06 13:04:13.975327",,93,2985
1956,"2024-08-06 13:21:01.626272",,89,2837
1957,"2024-08-06 13:25:43.497186",,29,758
1958,"2024-08-06 13:26:35.839064",,71,2239
1959,"2024-08-06 13:29:29.681247",,95,3103
1960,"2024-08-06 13:33:09.162201",,47,1402
1961,"2024-08-06 13:33:25.508107",,32,831
1962,"2024-08-06 13:33:38.044849",,30,714
1963,"2024-08-06 13:37:07.851167",,32,799
1964,"2024-08-06 13:40:28.336571",,72,2202
1965,"2024-08-06 13:46:49.110319",,84,2707
1966,"2024-08-06 13:49:20.692279",,92,2967
1967,"2024-08-06 13:51:26.002165",,32,891
1968,"2024-08-06 14:07:01.799836",,93,2989
1969,"2024-08-06 14:07:41.466514",,47,1398
1970,"2024-08-06 14:09:20.425368",,77,2382
1971,"2024-08-06 14:10:09.464452",,95,3071
1972,"2024-08-06 14:11:55.885198",,44,1267
1973,"2024-08-06 14:32:59.470199",,30,738
1974,"2024-08-06 14:33:13.187339",,95,3110
1975,"2024-08-06 14:37:14.957266",,98,3248
1976,"2024-08-06 14:44:40.886244",,56,1702
1977,"2024-08-06 14:51:12.779137",,26,669
1978,"2024-08-06 14:56:04.112860",,62,1838
1979,"2024-08-06 15:00:17.801098",,35,957
1980,"2024-08-06 15:04:16.236930",,41,1163
1981,"2024-08-06 15:20:57.241373",,47,1343
1982,"2024-08-06 15:40:05.077785",,32,802
1983,"2024-08-06 15:42:35.724459",,38,1091
1984,"2024-08-06 15:46:40.958059",,38,1094
1985,"2024-08-06 15:51:52.910989",,65,2030
1986,"2024-08-06 15:52:17.187006",,71,2224
1987,"2024-08-06 16:03:44.530733",,80,2495
1988,"2024-08-06 16:17:20.494223",,92,2944
1989,"2024-08-06 16:22:16.665004",,87,2797
1990,"2024-08-06 16:29:21.913978",,107,3539
1991,"2024-08-06 16:31:47.062641",,59,1767
1992,"2024-08-06 16:48:17.098862",,65,1987
1993,"2024-08-06 16:55:09.262068",,104,3414
1994,"2024-08-06 17:00:45.052533",,89,2894
1995,"2024-08-06 17:42:00.218069",,59,1777
1996,"2024-08-06 17:49:23.449139",,95,3150
1997,"2024-08-06 18:05:54.950333",,20,394
1998,"2024-08-06 18:07:41.624606",,84,2663
1999,"2024-08-06 18:08:57.045858",,56,1667
2000,"2024-08-06 18:09:15.936661",,86,2770
2001,"2024-08-06 18:15:02.075267",,29,730
2002,"2024-08-06 18:15:48.892860",,32,853
2003,"2024-08-06 18:19:46.966354",,38,1090
2004,"2024-08-06 18:24:10.904864",,104,3434
2005,"2024-08-06 18:28:49.513426",,38,1047
2006,"2024-08-06 18:40:01.704770",,95,3059
2007,"2024-08-06 18:50:29.793684",,68,2097
2008,"2024-08-06 18:55:43.103330",,86,2723
2009,"2024-08-06 18:57:18.031317",,56,1657
2010,"2024-08-06 18:57:18.496835",,81,2562
2011,"2024-08-06 18:57:44.488348",,38,1052
2012,"2024-08-06 19:00:54.278225",,96,3077
2013,"2024-08-06 19:04:07.868279",,104,3462
2014,"2024-08-06 19:24:00.680011",,62,1946
2015,"2024-08-06 19:24:04.629170",,62,1890
2016,"2024-08-06 19:27:42.200975",,98,3255
2017,"2024-08-06 19:40:25.677945",,47,1354
2018,"2024-08-06 19:56:56.668136",,71,2219
2019,"2024-08-06 20:04:05.477451",,41,1160
2020,"2024-08-06 20:10:11.688685",,98,3188
2021,"2024-08-06 20:13:02.258686",,62,1888
2022,"2024-08-06 20:16:37.029023",,32,894
2023,"2024-08-06 20:41:16.430678",,90,2901
2024,"2024-08-06 20:47:49.430699",,86,2799
2025,"2024-08-06 20:47:54.699037",,86,2747
2026,"2024-08-06 20:55:00.424127",,68,2077
2027,"2024-08-06 20:57:37.372023",,76,2332
2028,"2024-08-06 21:02:26.900618",,29,770
2029,"2024-08-06 21:19:01.021081",,60,1740
2030,"2024-08-06 21:24:35.457509",,83,2676
2031,"2024-08-06 21:29:56.080796",,97,3148
2032,"2024-08-06 21:30:21.769525",,29,691
2033,"2024-08-06 21:36:40.409185",,77,2420
2034,"2024-08-06 21:39:37.084673",,82,2518
2035,"2024-08-06 22:10:02.579375",,44,1285
2036,"2024-08-06 22:11:30.541965",,36,958
2037,"2024-08-07 00:15:22.041817",,20,421
2038,"2024-08-07 01:19:23.435126",,95,3142
2039,"2024-08-07 02:24:31.316648",,59,1806
2040,"2024-08-07 03:17:38.334441",,65,1973
2041,"2024-08-07 04:09:20.625666",,47,1348
2042,"2024-08-07 04:30:41.993324",,38,1112
2043,"2024-08-07 05:02:30.278151",,53,1602
2044,"2024-08-07 05:33:28.838529",,52,1431
2045,"2024-08-07 05:45:49.016788",,107,3489
2046,"2024-08-07 05:45:55.800664",,70,2159
2047,"2024-08-07 06:00:40.848341",,98,3179
2048,"2024-08-07 06:14:36.384464",,95,3048
2049,"2024-08-07 06:28:51.406818",,29,726
2050,"2024-08-07 06:36:01.796742",,29,732
2051,"2024-08-07 06:37:24.720617",,77,2407
2052,"2024-08-07 06:38:18.220718",,35,936
2053,"2024-08-07 06:44:10.792501",,31,695
2054,"2024-08-07 06:46:12.252453",,101,3308
2055,"2024-08-07 06:51:27.413823",,86,2749
2056,"2024-08-07 06:58:47.979034",,98,3174
2057,"2024-08-07 07:27:53.237708",,77,2413
2058,"2024-08-07 07:56:40.868656",,41,1123
2059,"2024-08-07 08:26:21.212726",,56,1688
2060,"2024-08-07 08:26:21.648523",,54,1594
2061,"2024-08-07 08:27:52.928679",,50,1456
2062,"2024-08-07 08:34:05.053521",,50,1472
2063,"2024-08-07 08:37:09.272160",,47,1374
2064,"2024-08-07 08:38:51.477579",,86,2790
2065,"2024-08-07 08:47:59.236833",,80,2598
2066,"2024-08-07 08:48:43.329396",,59,1738
2067,"2024-08-07 08:53:14.867219",,72,2184
2068,"2024-08-07 09:00:28.214197",,69,2145
2069,"2024-08-07 09:07:42.999155",,96,3124
2070,"2024-08-07 09:10:17.624002",,89,2911
2071,"2024-08-07 09:25:16.647475",,23,476
2072,"2024-08-07 09:37:18.764714",,50,1508
2073,"2024-08-07 09:47:44.690820",,70,2121
2074,"2024-08-07 09:51:54.347892",,26,603
2075,"2024-08-07 09:52:47.647216",,93,2937
2076,"2024-08-07 10:09:21.304760",,82,2522
2077,"2024-08-07 10:24:17.058419",,74,2342
2078,"2024-08-07 10:25:46.937977",,44,1220
2079,"2024-08-07 10:32:03.970935",,104,3428
2080,"2024-08-07 10:40:14.613197",,50,1519
2081,"2024-08-07 10:49:27.220783",,80,2594
2082,"2024-08-07 10:57:03.054656",,50,1483
2083,"2024-08-07 11:05:13.319940",,72,2221
2084,"2024-08-07 11:06:39.517298",,76,2331
2085,"2024-08-07 11:11:18.038005",,35,952
2086,"2024-08-07 11:30:11.642351",,71,2181
2087,"2024-08-07 11:30:54.593874",,75,2285
2088,"2024-08-07 11:32:12.262950",,23,512
2089,"2024-08-07 11:32:51.077691",,78,2475
2090,"2024-08-07 11:32:59.189187",,65,2036
2091,"2024-08-07 11:33:14.419876",,99,3194
2092,"2024-08-07 11:33:15.193331",,105,3459
2093,"2024-08-07 11:33:25.216709",,56,1681
2094,"2024-08-07 11:34:49.678142",,78,2386
2095,"2024-08-07 11:34:54.472176",,38,1036
2096,"2024-08-07 11:35:05.990062",,96,3046
2097,"2024-08-07 11:35:16.186044",,104,3401
2098,"2024-08-07 11:35:55.125348",,72,2198
2099,"2024-08-07 11:36:08.474755",,29,718
2100,"2024-08-07 11:36:10.038433",,64,1840
2101,"2024-08-07 11:38:23.501323",,107,3552
2102,"2024-08-07 11:39:51.079518",,59,1742
2103,"2024-08-07 11:42:05.178648",,59,1793
2104,"2024-08-07 11:42:19.937809",,82,2549
2105,"2024-08-07 11:43:11.445941",,26,638
2106,"2024-08-07 11:43:20.824679",,101,3284
2107,"2024-08-07 11:43:35.553073",,42,1203
2108,"2024-08-07 11:43:43.503619",,27,676
2109,"2024-08-07 11:43:45.525440",,56,1685
2110,"2024-08-07 11:44:13.033332",,24,472
2111,"2024-08-07 11:44:20.064482",,104,3455
2112,"2024-08-07 11:45:43.795330",,104,3398
2113,"2024-08-07 11:45:54.238230",,101,3274
2114,"2024-08-07 11:45:54.775654",,77,2435
2115,"2024-08-07 11:46:51.559361",,29,769
2116,"2024-08-07 11:47:22.832128",,78,2469
2117,"2024-08-07 11:47:27.245520",,29,710
2118,"2024-08-07 11:47:47.694412",,107,3469
2119,"2024-08-07 11:48:50.396576",,65,1957
2120,"2024-08-07 11:48:53.805769",,100,3217
2121,"2024-08-07 11:49:41.369051",,32,807
2122,"2024-08-07 11:50:33.225285",,77,2471
2123,"2024-08-07 11:57:18.136371",,44,1231
2124,"2024-08-07 12:00:04.222426",,38,1089
2125,"2024-08-07 12:03:14.538587",,74,2361
2126,"2024-08-07 12:04:56.122490",,98,3210
2127,"2024-08-07 12:06:03.838705",,50,1461
2128,"2024-08-07 12:06:36.770936",,62,1850
2129,"2024-08-07 12:07:03.478748",,80,2572
2130,"2024-08-07 12:09:56.807793",,23,527
2131,"2024-08-07 12:12:23.334654",,99,3230
2132,"2024-08-07 12:16:02.103363",,102,3321
2133,"2024-08-07 12:18:33.088553",,34,796
2134,"2024-08-07 12:20:01.195563",,86,2803
2135,"2024-08-07 12:20:05.568259",,86,2729
2136,"2024-08-07 12:20:37.653996",,77,2474
2137,"2024-08-07 12:20:47.637823",,47,1365
2138,"2024-08-07 12:23:20.139152",,77,2472
2139,"2024-08-07 12:23:38.351001",,53,1606
2140,"2024-08-07 12:23:45.730220",,90,2916
2141,"2024-08-07 12:26:00.466077",,38,1038
2142,"2024-08-07 12:27:17.991752",,32,867
2143,"2024-08-07 12:27:28.044723",,26,631
2144,"2024-08-07 12:28:19.504527",,101,3334
2145,"2024-08-07 12:31:06.980700",,62,1821
2146,"2024-08-07 12:31:32.216400",,74,2369
2147,"2024-08-07 12:32:36.287568",,32,862
2148,"2024-08-07 12:35:01.878989",,90,2900
2149,"2024-08-07 12:35:35.695634",,89,2875
2150,"2024-08-07 12:35:54.280983",,72,2242
2151,"2024-08-07 12:38:42.133394",,83,2660
2152,"2024-08-07 12:39:03.922123",,32,877
2153,"2024-08-07 12:39:05.828532",,32,905
2154,"2024-08-07 12:41:20.392164",,108,3572
2155,"2024-08-07 12:44:16.802209",,26,683
2156,"2024-08-07 12:44:50.418685",,78,2409
2157,"2024-08-07 12:44:52.497431",,83,2655
2158,"2024-08-07 12:49:52.309736",,84,2666
2159,"2024-08-07 12:50:12.672684",,89,2883
2160,"2024-08-07 12:56:50.822389",,96,3130
2161,"2024-08-07 13:03:22.025875",,20,442
2162,"2024-08-07 13:08:53.808468",,59,1799
2163,"2024-08-07 13:12:56.549094",,44,1245
2164,"2024-08-07 13:13:06.957241",,89,2922
2165,"2024-08-07 13:13:48.516755",,50,1516
2166,"2024-08-07 13:15:13.023939",,29,783
2167,"2024-08-07 13:17:30.340952",,83,2669
2168,"2024-08-07 13:23:32.487867",,47,1334
2169,"2024-08-07 13:28:22.684434",,93,3012
2170,"2024-08-07 13:35:29.053843",,101,3329
2171,"2024-08-07 13:35:31.884561",,32,800
2172,"2024-08-07 13:35:55.892084",,20,405
2173,"2024-08-07 13:37:04.593178",,35,941
2174,"2024-08-07 13:42:44.856231",,53,1591
2175,"2024-08-07 13:48:01.637031",,41,1147
2176,"2024-08-07 13:48:47.253119",,71,2267
2177,"2024-08-07 13:50:21.264849",,86,2756
2178,"2024-08-07 13:53:35.479437",,95,3115
2179,"2024-08-07 13:54:04.467107",,66,1964
2180,"2024-08-07 13:55:46.652368",,65,2000
2181,"2024-08-07 13:56:57.334779",,23,564
2182,"2024-08-07 13:58:05.681988",,92,2998
2183,"2024-08-07 14:01:45.513307",,44,1230
2184,"2024-08-07 14:03:24.488267",,26,584
2185,"2024-08-07 14:05:59.285538",,74,2309
2186,"2024-08-07 14:07:50.728932",,90,2859
2187,"2024-08-07 14:08:49.761910",,50,1529
2188,"2024-08-07 14:17:45.324286",,87,2766
2189,"2024-08-07 14:19:13.943476",,98,3196
2190,"2024-08-07 14:21:23.567237",,47,1371
2191,"2024-08-07 14:24:11.953496",,62,1886
2192,"2024-08-07 14:24:56.331040",,91,2849
2193,"2024-08-07 14:25:20.337946",,89,2888
2194,"2024-08-07 14:26:48.576940",,32,809
2195,"2024-08-07 14:32:04.113082",,92,2987
2196,"2024-08-07 14:39:53.569173",,95,3113
2197,"2024-08-07 14:40:09.201270",,56,1699
2198,"2024-08-07 14:42:24.969673",,20,372
2199,"2024-08-07 14:48:09.172877",,83,2616
2200,"2024-08-07 14:50:53.029395",,62,1881
2201,"2024-08-07 14:51:33.685261",,32,825
2202,"2024-08-07 14:54:54.542977",,44,1270
2203,"2024-08-07 15:01:37.330294",,95,3049
2204,"2024-08-07 15:03:49.162478",,20,377
2205,"2024-08-07 15:09:25.321416",,60,1745
2206,"2024-08-07 15:15:22.004961",,23,488
2207,"2024-08-07 15:15:36.080293",,65,2051
2208,"2024-08-07 15:16:36.265309",,75,2280
2209,"2024-08-07 15:21:56.191624",,59,1804
2210,"2024-08-07 15:24:00.207704",,44,1249
2211,"2024-08-07 15:28:43.648849",,89,757
2212,"2024-08-07 15:33:13.486031",,78,2385
2213,"2024-08-07 15:36:07.974612",,71,2191
2214,"2024-08-07 15:36:14.452754",,98,3207
2215,"2024-08-07 15:40:07.092467",,62,1841
2216,"2024-08-07 15:40:13.053762",,101,3282
2217,"2024-08-07 15:41:47.377005",,71,2234
2218,"2024-08-07 16:12:27.646225",,78,2426
2219,"2024-08-07 16:23:41.444324",,44,1257
2220,"2024-08-07 16:24:11.284683",,53,1537
2221,"2024-08-07 16:24:52.069770",,86,2717
2222,"2024-08-07 16:31:23.149436",,100,3252
2223,"2024-08-07 16:40:28.460260",,101,3293
2224,"2024-08-07 16:42:11.638247",,74,2322
2225,"2024-08-07 16:43:06.961965",,41,1122
2226,"2024-08-07 16:46:03.290215",,68,2105
2227,"2024-08-07 16:47:11.240122",,26,672
2228,"2024-08-07 16:48:21.825561",,75,2353
2229,"2024-08-07 16:52:34.021876",,20,390
2230,"2024-08-07 16:53:59.367796",,38,1025
2231,"2024-08-07 16:55:28.375729",,56,1703
2232,"2024-08-07 17:03:32.634352",,77,2390
2233,"2024-08-07 17:04:35.234984",,102,3309
2234,"2024-08-07 17:07:39.816643",,21,437
2235,"2024-08-07 17:08:32.648911",,92,2974
2236,"2024-08-07 17:11:07.175382",,68,2124
2237,"2024-08-07 17:12:01.872766",,50,1435
2238,"2024-08-07 17:15:56.747973",,104,3386
2239,"2024-08-07 17:18:55.884557",,74,2289
2240,"2024-08-07 17:28:34.802560",,87,2714
2241,"2024-08-07 17:28:39.346200",,101,3263
2242,"2024-08-07 17:40:24.673215",,98,3189
2243,"2024-08-07 17:50:27.991459",,44,1308
2244,"2024-08-07 17:52:02.300539",,32,821
2245,"2024-08-07 17:57:54.119283",,48,1355
2246,"2024-08-07 18:04:53.225259",,96,3112
2247,"2024-08-07 18:17:31.766364",,56,1678
2248,"2024-08-07 18:21:36.824894",,62,1882
2249,"2024-08-07 18:22:41.998291",,26,667
2250,"2024-08-07 18:29:34.329159",,72,2189
2251,"2024-08-07 18:35:10.250595",,56,1624
2252,"2024-08-07 18:36:33.475036",,56,1620
2253,"2024-08-07 18:38:32.269715",,101,3318
2254,"2024-08-07 18:46:25.115041",,82,2600
2255,"2024-08-07 18:51:28.346075",,104,3463
2256,"2024-08-07 19:04:34.550257",,23,567
2257,"2024-08-07 19:08:09.650121",,44,1254
2258,"2024-08-07 19:12:02.000639",,44,1240
2259,"2024-08-07 19:24:00.742046",,26,582
2260,"2024-08-07 19:27:57.531395",,35,995
2261,"2024-08-07 19:33:38.412518",,32,859
2262,"2024-08-07 19:45:36.075062",,20,398
2263,"2024-08-07 19:53:33.204235",,86,2724
2264,"2024-08-07 20:02:32.365498",,26,640
2265,"2024-08-07 20:07:22.324266",,92,3041
2266,"2024-08-07 20:08:03.989857",,68,2141
2267,"2024-08-07 20:22:09.877602",,53,1590
2268,"2024-08-07 20:28:56.266114",,59,1714
2269,"2024-08-07 20:30:07.333632",,38,1049
2270,"2024-08-07 20:44:48.624264",,47,1329
2271,"2024-08-07 20:44:52.125774",,93,3026
2272,"2024-08-07 20:49:00.853403",,44,1317
2273,"2024-08-07 20:49:28.937497",,26,625
2274,"2024-08-07 21:01:57.696763",,77,2379
2275,"2024-08-07 21:07:35.793042",,29,745
2276,"2024-08-07 21:18:08.353028",,23,574
2277,"2024-08-07 21:27:09.687606",,47,1362
2278,"2024-08-07 22:05:01.146150",,106,3423
2279,"2024-08-07 23:24:36.432500",,62,1849
2280,"2024-08-07 23:29:08.337865",,92,3010
2281,"2024-08-08 00:00:10.585831",,40,1058
2282,"2024-08-08 00:01:16.390335",,59,1791
2283,"2024-08-08 00:05:46.999182",,26,587
2284,"2024-08-08 04:07:50.536380",,47,1378
2285,"2024-08-08 05:19:57.559796",,60,1766
2286,"2024-08-08 05:33:22.443039",,107,3482
2287,"2024-08-08 05:49:48.940667",,26,657
2288,"2024-08-08 06:05:02.871718",,101,3271
2289,"2024-08-08 06:07:55.185254",,47,1368
2290,"2024-08-08 06:22:19.290598",,41,1171
2291,"2024-08-08 06:29:40.926169",,32,897
2292,"2024-08-08 06:40:20.994185",,65,2013
2293,"2024-08-08 06:49:42.989067",,56,1670
2294,"2024-08-08 06:50:06.346892",,29,687
2295,"2024-08-08 07:03:46.770742",,80,2551
2296,"2024-08-08 07:17:52.908386",,32,893
2297,"2024-08-08 07:24:52.562515",,108,3565
2298,"2024-08-08 07:36:13.464092",,44,1262
2299,"2024-08-08 07:49:27.420106",,98,3216
2300,"2024-08-08 07:50:40.833339",,104,3408
2301,"2024-08-08 07:52:43.206391",,90,2870
2302,"2024-08-08 07:54:00.806135",,29,731
2303,"2024-08-08 07:55:09.010017",,108,3467
2304,"2024-08-08 07:56:12.659867",,62,1862
2305,"2024-08-08 07:57:16.262689",,38,1024
2306,"2024-08-08 07:58:01.976449",,44,1260
2307,"2024-08-08 07:58:11.329529",,28,686
2308,"2024-08-08 08:01:33.977212",,70,2070
2309,"2024-08-08 08:04:03.184821",,66,1971
2310,"2024-08-08 08:04:54.322255",,80,2504
2311,"2024-08-08 08:05:29.429739",,44,1303
2312,"2024-08-08 08:07:23.217318",,107,3550
2313,"2024-08-08 08:16:26.922458",,81,2490
2314,"2024-08-08 08:17:59.136516",,23,529
2315,"2024-08-08 08:20:32.453420",,86,2758
2316,"2024-08-08 08:22:20.730457",,41,1138
2317,"2024-08-08 08:26:44.409195",,47,1383
2318,"2024-08-08 08:29:54.248049",,72,2213
2319,"2024-08-08 08:32:02.648888",,44,1293
2320,"2024-08-08 08:32:24.421617",,98,3156
2321,"2024-08-08 08:34:18.985772",,105,3445
2322,"2024-08-08 08:35:29.071503",,62,1873
2323,"2024-08-08 08:36:11.592164",,99,3157
2324,"2024-08-08 08:39:58.327356",,83,2712
2325,"2024-08-08 08:44:57.896593",,83,2659
2326,"2024-08-08 08:48:03.474292",,78,2381
2327,"2024-08-08 08:51:01.253583",,89,2896
2328,"2024-08-08 08:51:38.548087",,20,430
2329,"2024-08-08 08:53:06.775138",,59,1810
2330,"2024-08-08 08:53:32.461600",,59,1811
2331,"2024-08-08 08:53:50.324792",,84,2696
2332,"2024-08-08 08:55:13.661713",,95,3123
2333,"2024-08-08 08:58:03.860542",,104,3461
2334,"2024-08-08 09:04:13.445804",,83,2612
2335,"2024-08-08 09:04:33.801461",,106,3421
2336,"2024-08-08 09:09:01.533076",,93,3003
2337,"2024-08-08 09:09:09.509843",,23,508
2338,"2024-08-08 09:14:16.041033",,70,2116
2339,"2024-08-08 09:22:38.704315",,35,943
2340,"2024-08-08 09:33:05.552469",,32,888
2341,"2024-08-08 09:33:29.077314",,101,3344
2343,"2024-08-08 09:34:28.462147",,62,1932
2344,"2024-08-08 09:40:38.889082",,96,3144
2345,"2024-08-08 09:55:16.721274",,71,2250
